marca,modelo,ano,km,preco_eur,combustivel,transmissao,condicao,localizacao,data_anuncio,url,titulo,imagem_url,pagina_origem,recolhido_em
BMW,i5 eDrive40,2025.0,22873.0,58500.0,,,,Moure,Para o topo a 20 de junho de 2026,https://www.standvirtual.com/carros/anuncio/bmw-i5-edrive40-pack-desportivo-m-ID8Q0e3f.html,BMW i5 eDrive40 Pack Desportivo M,https://ireland.apollo.olxcdn.com:443/v1/files/4huduq5f6ogu2-PT/image;s=159x106;q=50,1,2026-06-21 23:45
BMW,X3 30,2020.0,169990.0,33900.0,,,,Quarteira,Para o topo hoje às 09:56,https://www.standvirtual.com/carros/anuncio/bmw-x3-30-e-xdrive-pack-m-ID8Q0vz0.html,BMW X3 30 e xDrive Pack M,https://ireland.apollo.olxcdn.com:443/v1/files/bwigeqfadacu3-PT/image;s=189x106;q=50,1,2026-06-21 23:45
BMW,X1 16,2016.0,338000.0,12990.0,,,,Matosinhos E Leça Da Palmeira,Para o topo hoje às 20:46,https://www.standvirtual.com/carros/anuncio/bmw-x1-16-d-sdrive-line-sport-ID8Q0zbg.html,BMW X1 16 d sDrive Line Sport,https://ireland.apollo.olxcdn.com:443/v1/files/ljw5zz03472j-PT/image;s=150x112;q=50,1,2026-06-21 23:45
BMW,M2 Competition,2018.0,119990.0,53950.0,,,,Seroa,Para o topo hoje às 21:56,https://www.standvirtual.com/carros/anuncio/bmw-m2-competition-dkg-ID8Q0zjX.html,BMW M2 Competition DKG,https://ireland.apollo.olxcdn.com:443/v1/files/fbc8g5plmtqk-PT/image;s=150x115;q=50,1,2026-06-21 23:45
BMW,120 D,2005.0,305000.0,6999.0,,,,São Domingos de Rana,Para o topo hoje às 20:15,https://www.olx.pt/d/anuncio/bmw-120-d-163cv-caixa-automtica-nacional-2005-desde-143-ms-IDJdyT5.html?search_reason=search%7Corganic,BMW 120 D 163cv | Caixa Automática | Nacional | 2005 | Desde 143€ Mês,https://ireland.apollo.olxcdn.com:443/v1/files/6rn2u9b73t3i-PT/image;s=150x113;q=50,1,2026-06-21 23:45
BMW,M4 Cabrio,2016.0,86500.0,49990.0,,,,Golães,Para o topo hoje às 20:08,https://www.olx.pt/d/anuncio/bmw-m4-cabrio-de-2016-IDJsrgJ.html?search_reason=search%7Corganic,BMW M4 Cabrio de 2016,,1,2026-06-21 23:45
BMW,525D Touring,2011.0,282000.0,11900.0,,,,São Domingos de Rana,Para o topo hoje às 22:05,https://www.olx.pt/d/anuncio/bmw-525d-touring-line-luxury-IDJi5UM.html?search_reason=search%7Corganic,Bmw 525D Touring | Line Luxury,,1,2026-06-21 23:45
BMW,520d Pack,2015.0,235000.0,15390.0,,,,"Seixal, Arrentela E Aldeia De Paio Pires",Hoje às 14:53,https://www.olx.pt/d/anuncio/bmw-520d-pack-m-auto-teto-abrir-full-extras-histrico-bmw-aceito-retoma-IDJr9qh.html?search_reason=search%7Corganic,BMW 520d Pack M Auto | Teto Abrir | Full Extras | Histórico BMW | Aceito Retoma,,1,2026-06-21 23:45
BMW,F10 530D,2010.0,319000.0,13990.0,,,,Viseu,Para o topo hoje às 19:00,https://www.olx.pt/d/anuncio/bmw-f10-530d-3-0-245cv-impecvel-IDJqF4U.html?search_reason=search%7Corganic,Bmw F10 530D 3.0 245cv Impecável,,1,2026-06-21 23:45
BMW,530e Pack,2022.0,120000.0,33900.0,,,,Vila Nova De Famalicão E Calendário,Para o topo hoje às 18:52,https://www.olx.pt/d/anuncio/bmw-530e-pack-m-special-edition-292cvs-hbrida-plug-in-IDJkYIf.html?search_reason=search%7Corganic,BMW 530e Pack M special edition 292cvs híbrida plug in,,1,2026-06-21 23:45
BMW,i4 eDrive40,2023.0,23000.0,39950.0,,,,Santo Antão E São Julião Do Tojal,Para o topo hoje às 23:30,https://www.standvirtual.com/carros/anuncio/bmw-i4-edrive40-pack-desportivo-m-ID8Q0n26.html,BMW i4 eDrive40 Pack Desportivo M,,1,2026-06-21 23:45
BMW,X5 3.0,2005.0,416000.0,6500.0,,,,Algueirão-Mem Martins,Para o topo hoje às 21:21,https://www.olx.pt/d/anuncio/bmw-x5-3-0-d-2005-IDJsrui.html?search_reason=search%7Corganic,BMW X5  3.0 D.2005,,1,2026-06-21 23:45
BMW,520 d,2024.0,110915.0,45900.0,,,,Trofa,Para o topo hoje às 17:35,https://www.standvirtual.com/carros/anuncio/bmw-520-d-pack-desportivo-m-auto-ID8Q0qzw.html,BMW 520 d Pack Desportivo M Auto,,1,2026-06-21 23:45
BMW,530 e,2023.0,63923.0,39990.0,,,,"Santa Iria De Azoia, São João Da Talha E Bobadela",Para o topo hoje às 16:02,https://www.standvirtual.com/carros/anuncio/bmw-530-e-pack-m-ID8PYpYU.html,BMW 530 e Pack M,,1,2026-06-21 23:45
BMW,X3 xDrive20d,2025.0,29275.0,70990.0,,,,Guia,Para o topo hoje às 21:55,https://www.standvirtual.com/carros/anuncio/bmw-x3-xdrive20d-aut-m-sport-ID8PZ5E1.html,BMW X3 xDrive20d Aut. M Sport,,1,2026-06-21 23:45
BMW,118D Pack,,,14999.0,,,,"Nogueira, Fraião E Lamaçães",Para o topo hoje às 22:35,https://www.olx.pt/d/anuncio/bmw-118d-pack-m-auto-full-extras-IDJsrM3.html?search_reason=search%7Corganic,Bmw 118D Pack M Auto Full Extras,,1,2026-06-21 23:45
BMW,e92 320d,2007.0,263000.0,11000.0,,,,Friande,Para o topo hoje às 23:12,https://www.olx.pt/d/anuncio/bmw-e92-320d-coupe-IDJk94d.html?search_reason=search%7Corganic,Bmw e92 320d coupe,,1,2026-06-21 23:45
BMW,125i PACK,2014.0,187000.0,19950.0,,,,Calheta (Madeira),Para o topo hoje às 23:18,https://www.olx.pt/d/anuncio/bmw-125i-pack-m-f20-IDJrBrf.html?search_reason=search%7Corganic,BMW 125i PACK M F20,,1,2026-06-21 23:45
BMW,Serie 1,2008.0,,14000.0,,,,Paços de Ferreira,Para o topo hoje às 20:37,https://www.olx.pt/d/anuncio/bmw-serie-1-coupe-IDJsFZZ.html?search_reason=search%7Corganic,Bmw Serie 1 Coupe,,1,2026-06-21 23:45
BMW,330e hibrido,2021.0,93000.0,23500.0,,,,Marvila,Para o topo hoje às 22:17,https://www.olx.pt/d/anuncio/bmw-330e-hibrido-plugin-292cv-IDJqGcw.html?search_reason=search%7Corganic,Bmw 330e  hibrido plugin 292cv,,1,2026-06-21 23:45
BMW,Série 2,2015.0,185000.0,20000.0,,,,Braga,Hoje às 22:28,https://www.olx.pt/d/anuncio/bmw-srie-2-220d-pack-m-sport-auto-IDJ8Iv2.html?search_reason=search%7Corganic,BMW Série 2 220d Pack M Sport AUTO,,1,2026-06-21 23:45
BMW,X5 25,2014.0,98000.0,22990.0,,,,Loures,Para o topo hoje às 22:00,https://www.standvirtual.com/carros/anuncio/bmw-x5-25-d-sdrive-comfort-7l-ID8Q0wCj.html,BMW X5 25 d sDrive Comfort 7L,,1,2026-06-21 23:45
BMW,316 d,2014.0,140000.0,12900.0,,,,"Torres Vedras (São Pedro, Santiago, Santa Maria Do Castelo E São Miguel) E Matacães",Para o topo hoje às 19:36,https://www.standvirtual.com/carros/anuncio/bmw-316-d-auto-line-sport-ID8Q0xvh.html,BMW 316 d Auto Line Sport,,1,2026-06-21 23:45
BMW,320D 190cv,2019.0,140000.0,22500.0,,,,Matosinhos E Leça Da Palmeira,Hoje às 01:38,https://www.olx.pt/d/anuncio/bmw-320d-190cv-caixa-automatica-IDJpCDf.html?search_reason=search%7Corganic,BMW 320D 190cv caixa automatica,,1,2026-06-21 23:45
BMW,123D Pack,2008.0,246000.0,12500.0,,,,Alhos Vedros,Para o topo hoje às 18:57,https://www.olx.pt/d/anuncio/bmw-123d-pack-m-2-0-biturbo-possibilidade-de-financiamento-IDJrZTH.html?search_reason=search%7Corganic,BMW 123D Pack M 2.0 Biturbo (possibilidade de financiamento),,1,2026-06-21 23:45
BMW,X1 16,2021.0,80806.0,26490.0,,,,Lumiar,Para o topo hoje às 08:22,https://www.standvirtual.com/carros/anuncio/bmw-x1-16-d-sdrive-xline-auto-ID8PUFve.html,BMW X1 16 d sDrive xLine Auto,,1,2026-06-21 23:45
BMW,120,2010.0,232395.0,11900.0,,,,Cidade Da Maia,Para o topo hoje às 19:18,https://www.standvirtual.com/carros/anuncio/bmw-120-ID8Q0qE6.html,BMW 120,,1,2026-06-21 23:45
BMW,i4 eDrive40,2024.0,9061.0,45750.0,,,,"Santa Iria De Azoia, São João Da Talha E Bobadela",Para o topo hoje às 12:20,https://www.standvirtual.com/carros/anuncio/bmw-i4-edrive40-gran-coupe-m-sport-ID8Q0pr7.html,BMW i4 eDrive40 Gran Coupe M Sport,,1,2026-06-21 23:45
BMW,120 i,2016.0,200000.0,14500.0,,,,Maia,Para o topo hoje às 23:24,https://www.standvirtual.com/carros/anuncio/bmw-120-i-sport-line-ID8Q0xBZ.html,BMW 120 i Sport Line,,1,2026-06-21 23:45
BMW,420 Gran,2017.0,178000.0,21990.0,,,,Merelim (São Pedro) E Frossos,Hoje às 22:27,https://www.standvirtual.com/carros/anuncio/bmw-420-gran-coup-d-pack-m-ID8Q0meZ.html,BMW 420 Gran Coupé d Pack M,,1,2026-06-21 23:45
BMW,X1 Sdrive,2015.0,175475.0,14500.0,,,,Buarcos,Para o topo hoje às 23:34,https://www.olx.pt/d/anuncio/bmw-x1-sdrive-18d-caixa-automtica-8-velocidades-motor-2-0-IDJs1SG.html?search_reason=search%7Corganic,BMW X1 Sdrive 18d  caixa automática 8 velocidades motor  2.0,,1,2026-06-21 23:45
BMW,530 D,2003.0,210000.0,8990.0,,,,Tomar (São João Baptista) E Santa Maria Dos Olivais,Hoje às 23:23,https://www.olx.pt/d/anuncio/bmw-530-d-2003-05-no-aceito-trocas-210-000kms-IDJpHRx.html?search_reason=search%7Corganic,BMW 530 D 2003/05 Não aceito trocas 210.000kms,,1,2026-06-21 23:45
BMW,120 D,2013.0,214000.0,13250.0,,,,Gandra,Para o topo hoje às 18:57,https://www.olx.pt/d/anuncio/bmw-120-d-pack-m-perfomance-IDJsqZp.html?search_reason=search%7Corganic,Bmw 120 D Pack M Perfomance,,1,2026-06-21 23:45
BMW,120 d,2008.0,229000.0,9990.0,,,,Laranjeiro E Feijó,Para o topo hoje às 20:59,https://www.standvirtual.com/carros/anuncio/bmw-120-d-cabrio-ID8PZ6p7.html,BMW 120 d Cabrio,,1,2026-06-21 23:45
BMW,635 D,2008.0,242000.0,19950.0,,,,Branca,Para o topo hoje às 20:57,https://www.olx.pt/d/anuncio/bmw-635-d-cabrio-pack-m-IDJheVm.html?search_reason=search%7Corganic,BMW 635 D CABRIO PACK M,,1,2026-06-21 23:45
BMW,X5 25,2014.0,170000.0,25900.0,,,,Grijó E Sermonde,Hoje às 21:50,https://www.standvirtual.com/carros/anuncio/bmw-x5-25-d-xdrive-ID8PZj1W.html,BMW X5 25 d xDrive,,1,2026-06-21 23:45
BMW,X1 16d,2018.0,78800.0,25490.0,,,,Fafe,Para o topo hoje às 22:43,https://www.olx.pt/d/anuncio/bmw-x1-16d-auto-79-mil-km-1-dono-gps-cmara-head-up-full-extras-excelente-estado-IDJpBfI.html?search_reason=search%7Corganic,BMW X1 16d Auto | 79 mil km | 1 Dono | GPS | Câmara | Head-Up | Full Extras| Excelente Estado,,1,2026-06-21 23:45
BMW,X5,2021.0,140000.0,52900.0,,,,Barreiro E Lavradio,Para o topo hoje às 21:31,https://www.standvirtual.com/carros/anuncio/bmw-x5-ID8Q0yaa.html,BMW X5,,1,2026-06-21 23:45
BMW,418 Gran,2015.0,157884.0,28900.0,,,,Albufeira,Para o topo hoje às 13:34,https://www.standvirtual.com/carros/anuncio/bmw-418-gran-coup-d-pack-m-ID8Q0reD.html,BMW 418 Gran Coupé d Pack M,,1,2026-06-21 23:45
BMW,Z4 M40i,2025.0,15500.0,95000.0,,,,Faro,Para o topo a 19 de junho de 2026,https://www.standvirtual.com/carros/anuncio/bmw-z4-m40i-ID8Q0zqo.html,BMW Z4 M40i,,1,2026-06-21 23:45
BMW,X7 40,2026.0,1.0,132290.0,,,,Porto Salvo,Para o topo hoje às 22:08,https://www.standvirtual.com/carros/anuncio/bmw-x7-40-i-xdrive-ID8PYGGi.html,BMW X7 40 i xDrive,,1,2026-06-21 23:45
BMW,118i Auto,2013.0,117000.0,12900.0,,,,Vila Real de Santo António,Para o topo hoje às 20:06,https://www.olx.pt/d/anuncio/bmw-118i-auto-170cv-turbo-de-2013-em-muito-bom-estado-geral-IDJsyzb.html?search_reason=search%7Corganic,BMW 118i Auto 170cv Turbo de 2013 em muito bom estado geral.,,1,2026-06-21 23:45
BMW,M2 Competition,2020.0,38649.0,59900.0,,,,"Santa Iria De Azoia, São João Da Talha E Bobadela",Para o topo hoje às 21:56,https://www.standvirtual.com/carros/anuncio/bmw-m2-competition-auto-ID8Q0swa.html,BMW M2 Competition Auto,,1,2026-06-21 23:45
BMW,X5 45,2020.0,190000.0,41999.0,,,,"Aver-O-Mar, Amorim E Terroso",Para o topo hoje às 19:03,https://www.standvirtual.com/carros/anuncio/bmw-x5-45-e-xdrive-pack-m-ID8Q0xrb.html,BMW X5 45 e xDrive Pack M,,1,2026-06-21 23:45
BMW,520d pack,2008.0,304000.0,8500.0,,,,Algueirão-Mem Martins,Hoje às 11:30,https://www.olx.pt/d/anuncio/bmw-520d-pack-m-IDJpByH.html?search_reason=search%7Corganic,Bmw 520d  pack M,,1,2026-06-21 23:45
BMW,116ed 2014,2014.0,402000.0,6000.0,,,,Pontinha E Famões,Hoje às 19:40,https://www.olx.pt/d/anuncio/bmw-116ed-2014-d-IDJt4ZC.html?search_reason=search%7Corganic,Bmw 116ed  2014 d,,1,2026-06-21 23:45
BMW,320d Coupé,2008.0,220000.0,13000.0,,,,Quinta do Conde,Para o topo hoje às 18:59,https://www.olx.pt/d/anuncio/bmw-320d-coup-pack-m-IDJsFp6.html?search_reason=search%7Corganic,BMW 320d Coupé Pack M,,1,2026-06-21 23:45
BMW,525d Pack,2016.0,162000.0,23000.0,,,,São Domingos de Benfica,Hoje às 19:36,https://www.olx.pt/d/anuncio/bmw-525d-pack-m-auto-IDJpHd9.html?search_reason=search%7Corganic,BMW 525d Pack M Auto,,1,2026-06-21 23:45
BMW,123d 204cv,2011.0,150000.0,11900.0,,,,Batalha,Hoje às 19:58,https://www.olx.pt/d/anuncio/bmw-123d-204cv-2011-IDJgHtz.html?search_reason=search%7Corganic,Bmw 123d 204cv 2011,,1,2026-06-21 23:45
BMW,525 dA,2004.0,261892.0,8950.0,,,,Galegos,Para o topo hoje às 20:09,https://www.standvirtual.com/carros/anuncio/bmw-525-da-ID8Q0A05.html,BMW 525 dA,,1,2026-06-21 23:45
BMW,320,2022.0,108878.0,29900.0,,,,Rio Maior,Para o topo hoje às 16:14,https://www.standvirtual.com/carros/anuncio/bmw-320-ID8PVRcD.html,BMW 320,https://ireland.apollo.olxcdn.com:443/v1/files/hxz9kvl535t01-PT/image;s=150x112;q=50,2,2026-06-21 23:45
BMW,225xe Active,2023.0,90400.0,29800.0,,,,"Seixal, Arrentela E Aldeia De Paio Pires",Para o topo a 19 de junho de 2026,https://www.olx.pt/d/anuncio/bmw-225xe-active-tourer-xdrive-pack-m-financiamento-disponvel-IDJrpP4.html?search_reason=search%7Cpromoted,"BMW 225xe Active Tourer xDrive Pack M,  (Financiamento disponível)",https://ireland.apollo.olxcdn.com:443/v1/files/r87s66rljp8p2-PT/image;s=159x106;q=50,2,2026-06-21 23:45
BMW,116d Line,2014.0,131000.0,9850.0,,,,Loureiro,Para o topo a 20 de junho de 2026,https://www.olx.pt/d/anuncio/bmw-116d-line-sport-IDJqsbb.html?search_reason=search%7Cpromoted,BMW 116d Line Sport,https://ireland.apollo.olxcdn.com:443/v1/files/hyvkxo23umt03-PT/image;s=150x113;q=50,2,2026-06-21 23:45
BMW,XM4 competition,2020.0,68000.0,79999.0,,,,São Domingos de Rana,Para o topo hoje às 22:52,https://www.olx.pt/d/anuncio/bmw-xm4-competition-nacional-IDJqGPr.html?search_reason=search%7Corganic,Bmw XM4 competition NACIONAL,https://ireland.apollo.olxcdn.com:443/v1/files/oq66xqcumamd2-PT/image;s=177x106;q=50,2,2026-06-21 23:45
BMW,330 e,2020.0,165457.0,19500.0,,,,Vila Franca de Xira,Hoje às 21:50,https://www.standvirtual.com/carros/anuncio/bmw-330-e-corporate-edition-auto-ID8Q0qg3.html,BMW 330 e Corporate Edition Auto,https://ireland.apollo.olxcdn.com:443/v1/files/y4vb8jghzd1g-PT/image;s=150x200;q=50,2,2026-06-21 23:45
BMW,116 d,2016.0,120284.0,12990.0,,,,Portimão,Para o topo hoje às 22:47,https://www.standvirtual.com/carros/anuncio/bmw-116-d-efficientdynamics-edition-ID8Q0wPF.html,BMW 116 d EfficientDynamics Edition,,2,2026-06-21 23:45
BMW,118D coupe,2010.0,205000.0,9950.0,,,,Branca,Hoje às 19:35,https://www.olx.pt/d/anuncio/bmw-118d-coupe-pack-m-IDJpGUh.html?search_reason=search%7Corganic,BMW 118D coupe pack M,,2,2026-06-21 23:45
BMW,i4 eDrive35,2023.0,46000.0,38250.0,,,,Cidade Da Maia,Para o topo hoje às 21:43,https://www.standvirtual.com/carros/anuncio/bmw-i4-edrive35-pack-desportivo-m-pro-ID8Q0uY0.html,BMW i4 eDrive35 Pack Desportivo M Pro,,2,2026-06-21 23:45
BMW,335 i,2010.0,66238.0,33000.0,,,,Chaves,Para o topo hoje às 21:06,https://www.standvirtual.com/carros/anuncio/bmw-335-i-m-sport-edition-ID8Q0xL5.html,BMW 335 i M Sport Edition,,2,2026-06-21 23:45
BMW,125 d,2016.0,167800.0,22900.0,,,,Fafe,Hoje às 16:21,https://www.standvirtual.com/carros/anuncio/bmw-125-d-pack-m-shadow-ID8Q0vAq.html,BMW 125 d Pack M Shadow,,2,2026-06-21 23:45
BMW,X1 20,2010.0,141000.0,13400.0,,,,Maia,Para o topo hoje às 22:50,https://www.standvirtual.com/carros/anuncio/bmw-x1-20-d-xdrive-ID8PZTu4.html,BMW X1 20 d xDrive,,2,2026-06-21 23:45
BMW,Z4 sDrive20i,2013.0,100500.0,21990.0,,,,Ajuda,Para o topo hoje às 20:11,https://www.standvirtual.com/carros/anuncio/bmw-z4-sdrive20i-ID8Q0tJT.html,BMW Z4 sDrive20i,,2,2026-06-21 23:45
BMW,520 d,2013.0,322978.0,9990.0,,,,Batalha,Para o topo a 20 de junho de 2026,https://www.standvirtual.com/carros/anuncio/bmw-520-d-xdrive-line-luxury-auto-ID8Q0moM.html,BMW 520 d xDrive Line Luxury Auto,,2,2026-06-21 23:45
BMW,X1 Sdrive18d,2011.0,203000.0,11000.0,,,,Valongo,Para o topo hoje às 10:57,https://www.olx.pt/d/anuncio/bmw-x1-sdrive18d-IDJpE5s.html?search_reason=search%7Cpromoted,BMW X1 Sdrive18d,,2,2026-06-21 23:45
BMW,116 d,2021.0,102000.0,24750.0,,,,Lisboa,Para o topo hoje às 09:26,https://www.standvirtual.com/carros/anuncio/bmw-116-d-pack-desportivo-m-auto-ID8PUMFy.html,BMW 116 d Pack Desportivo M Auto,,2,2026-06-21 23:45
BMW,530 e,2021.0,81000.0,35500.0,,,,Aveiro,Hoje às 23:09,https://www.standvirtual.com/carros/anuncio/bmw-530-e-pack-desportivo-m-ID8Q0gUL.html,BMW 530 e Pack Desportivo M,,2,2026-06-21 23:45
BMW,i4 eDrive40,2023.0,41192.0,37990.0,,,,Maia,Hoje às 13:26,https://www.standvirtual.com/carros/anuncio/bmw-i4-edrive40-gran-coupe-ID8Q0oM0.html,BMW i4 eDrive40 Gran Coupe,,2,2026-06-21 23:45
BMW,E91 bom,2011.0,263000.0,8150.0,,,,Sertã,Para o topo hoje às 21:40,https://www.olx.pt/d/anuncio/bmw-e91-bom-preo-IDJmTgL.html?search_reason=search%7Corganic,BMW  E91 bom preço,,2,2026-06-21 23:45
BMW,serie 1,2013.0,219000.0,9700.0,,,,Palmela,Para o topo hoje às 23:06,https://www.olx.pt/d/anuncio/bmw-serie-1-nacional-1-6-a-diesel-IDJsrT0.html?search_reason=search%7Corganic,Bmw serie 1 Nacional 1.6 a Diesel,,2,2026-06-21 23:45
BMW,330 e,2017.0,236250.0,14990.0,,,,Baguim do Monte,Para o topo hoje às 22:34,https://www.standvirtual.com/carros/anuncio/bmw-330-e-iperformance-line-luxury-ID8PZYP7.html,BMW 330 e iPerformance Line Luxury,,2,2026-06-21 23:45
BMW,X1 xLine,2016.0,119000.0,17450.0,,,,São João Das Lampas E Terrugem,Hoje às 11:45,https://www.olx.pt/d/anuncio/bmw-x1-xline-119-000km-garantia-nacional-2016-IDJgtTf.html?search_reason=search%7Corganic,BMW X1 xLine - 119.000KM | GARANTIA | NACIONAL - 2016,,2,2026-06-21 23:45
BMW,x3 2.0,2006.0,264123.0,6500.0,,,,Vila Nova De Famalicão E Calendário,Hoje às 20:36,https://www.olx.pt/d/anuncio/bmw-x3-2-0-d-150cv-verso-sport-full-extras-IDJt5E2.html?search_reason=search%7Corganic,bmw x3 2.0 d 150cv  versão sport full extras,,2,2026-06-21 23:45
BMW,X5 40,2017.0,160000.0,34000.0,,,,Paranhos,Para o topo hoje às 22:50,https://www.standvirtual.com/carros/anuncio/bmw-x5-40-d-xdrive-pack-m-ID8Q0qh3.html,BMW X5 40 d xDrive Pack M,,2,2026-06-21 23:45
BMW,M3 Auto,2013.0,69000.0,75000.0,,,,Braga (São José De São Lázaro E São João Do Souto),Para o topo hoje às 18:55,https://www.standvirtual.com/carros/anuncio/bmw-m3-auto-ID8Q0wHD.html,BMW M3 Auto,,2,2026-06-21 23:45
BMW,420 Gran,2022.0,145000.0,41990.0,,,,Esmeriz E Cabeçudos,Para o topo hoje às 15:05,https://www.standvirtual.com/carros/anuncio/bmw-420-gran-coup-d-pack-desportivo-m-auto-ID8PRU0e.html,BMW 420 Gran Coupé d Pack Desportivo M Auto,,2,2026-06-21 23:45
BMW,520 d,2012.0,199000.0,14500.0,,,,Alverca Do Ribatejo E Sobralinho,Para o topo hoje às 17:03,https://www.olx.pt/d/anuncio/bmw-520-d-pack-m-auto-IDJsqx2.html?search_reason=search%7Cpromoted,BMW 520 d Pack M Auto,,2,2026-06-21 23:45
BMW,320,2005.0,232000.0,10950.0,,,,Penafiel,Para o topo hoje às 19:44,https://www.standvirtual.com/carros/anuncio/bmw-320-ID8Q0A3x.html,BMW 320,,2,2026-06-21 23:45
BMW,M4 Competition,2022.0,59000.0,92990.0,,,,Portimão,Para o topo hoje às 23:28,https://www.standvirtual.com/carros/anuncio/bmw-m4-competition-xdrive-ID8PZxUC.html,BMW M4 Competition xDrive,,2,2026-06-21 23:45
BMW,i3 120Ah,2022.0,29800.0,25800.0,,,,Carnaxide E Queijas,Para o topo hoje às 21:13,https://www.standvirtual.com/carros/anuncio/bmw-i3-120ah-ID8Q0zjc.html,BMW i3 120Ah,,2,2026-06-21 23:45
BMW,330 e,2020.0,78780.0,30500.0,,,,Vila Nova da Telha,Para o topo hoje às 21:36,https://www.standvirtual.com/carros/anuncio/bmw-330-e-pack-m-auto-ID8Q0yab.html,BMW 330 e Pack M Auto,,2,2026-06-21 23:45
BMW,420d Gran,2016.0,165000.0,21900.0,,,,Ermidas-Sado,Para o topo hoje às 20:11,https://www.olx.pt/d/anuncio/bmw-420d-gran-coup-pack-m-auto-full-extras-IDJnJdk.html?search_reason=search%7Corganic,BMW 420d Gran Coupé Pack M Auto – Full Extras,,2,2026-06-21 23:45
BMW,530D c/novo.,2010.0,139600.0,15950.0,,,,Ermesinde,Hoje às 21:44,https://www.olx.pt/d/anuncio/bmw-530d-c-novo-IDJmoij.html?search_reason=search%7Corganic,Bmw 530D c/novo.,,2,2026-06-21 23:45
BMW,740 Li,2007.0,144000.0,19990.0,,,,Montijo,Para o topo hoje às 19:56,https://www.standvirtual.com/carros/anuncio/bmw-740-li-ID8PWNYK.html,BMW 740 Li,,2,2026-06-21 23:45
BMW,i3 94Ah,2019.0,109000.0,15790.0,,,,"Santa Iria De Azoia, São João Da Talha E Bobadela",Hoje às 22:20,https://www.standvirtual.com/carros/anuncio/bmw-i3-94ah-ID8PYAWe.html,BMW i3 94Ah,,2,2026-06-21 23:45
BMW,318 D,2017.0,132000.0,,,,,Viseu,Para o topo hoje às 00:17,https://www.olx.pt/d/anuncio/bmw-318-d-touring-auto-IDJn3DT.html?search_reason=search%7Cpromoted,Bmw 318 D touring Auto,,2,2026-06-21 23:45
BMW,320 e,2022.0,70700.0,27500.0,,,,Rio de Mouro,Para o topo hoje às 11:28,https://www.standvirtual.com/carros/anuncio/bmw-320-e-line-sport-auto-ID8PYY1c.html,BMW 320 e Line Sport Auto,,2,2026-06-21 23:45
BMW,serie 318,2014.0,207000.0,13750.0,,,,Valongo,Para o topo a 20 de junho de 2026,https://www.olx.pt/d/anuncio/bmw-serie-318-d-pack-m-IDJirxi.html?search_reason=search%7Cpromoted,Bmw serie 318 d Pack M,,2,2026-06-21 23:45
BMW,X1 sDrive20d,2009.0,214833.0,10900.0,,,,Alverca Do Ribatejo E Sobralinho,Para o topo hoje às 19:26,https://www.standvirtual.com/carros/anuncio/bmw-x1-sdrive20d-ID8Q06S1.html,BMW X1 sDrive20d,,2,2026-06-21 23:45
BMW,X1 16,2015.0,175000.0,15500.0,,,,Moita,Para o topo hoje às 19:41,https://www.standvirtual.com/carros/anuncio/bmw-x1-16-d-sdrive-ID8Q0zlh.html,BMW X1 16 d sDrive,,2,2026-06-21 23:45
BMW,520 d,2021.0,136000.0,27990.0,,,,Laranjeiro E Feijó,Para o topo hoje às 19:19,https://www.standvirtual.com/carros/anuncio/bmw-520-d-efficientdynamics-edition-ID8Q0wEp.html,BMW 520 d EfficientDynamics Edition,,2,2026-06-21 23:45
BMW,X4 20d,2014.0,,14900.0,,,,"Gondomar (São Cosme), Valbom E Jovim",20 de junho de 2026,https://www.olx.pt/d/anuncio/bmw-x4-20d-xdrive-auto-IDJsWpe.html?search_reason=search%7Corganic,BMW X4 20d xDrive Auto,,2,2026-06-21 23:45
BMW,i3 120Ah,2020.0,28000.0,23900.0,,,,Mafamude E Vilar Do Paraíso,Para o topo hoje às 20:26,https://www.standvirtual.com/carros/anuncio/bmw-i3-120ah-ID8Q0zHj.html,BMW i3 120Ah,,2,2026-06-21 23:45
BMW,M4 Competition,2023.0,29500.0,102500.0,,,,Lumiar,Hoje às 17:01,https://www.standvirtual.com/carros/anuncio/bmw-m4-competition-m-xdrive-ID8PYiC4.html,BMW M4 Competition M xDrive,,2,2026-06-21 23:45
BMW,318d,2016.0,150000.0,16400.0,,,,Loures,Hoje às 21:15,https://www.olx.pt/d/anuncio/vende-se-bmw-318d-IDJiEdn.html?search_reason=search%7Corganic,Vende-se Bmw 318d,,2,2026-06-21 23:45
BMW,iX3 50,2026.0,1.0,72890.0,,,,Porto Salvo,Para o topo hoje às 22:08,https://www.standvirtual.com/carros/anuncio/bmw-ix3-50-xdrive-ID8PYGFG.html,BMW iX3 50 xDrive,,2,2026-06-21 23:45
BMW,320 d,2019.0,56302.0,34000.0,,,,Vila Nova de Gaia,Para o topo hoje às 20:22,https://www.standvirtual.com/carros/anuncio/bmw-320-d-pack-m-auto-ID8Q0y4n.html,BMW 320 d Pack M Auto,,2,2026-06-21 23:45
BMW,520d •,2011.0,393000.0,10650.0,,,,Mafra,20 de junho de 2026,https://www.olx.pt/d/anuncio/bmw-520d-2011-pack-m-teto-de-abrir-IDJsX1X.html?search_reason=search%7Cpromoted,BMW 520d • 2011 • Pack M • Teto de Abrir,https://ireland.apollo.olxcdn.com:443/v1/files/7dcdvqyztxql1-PT/image;s=159x106;q=50,3,2026-06-21 23:45
BMW,320 d,2010.0,259000.0,10890.0,,,,Loures,Para o topo a 20 de junho de 2026,https://www.olx.pt/d/anuncio/bmw-320-d-lci-navigation-184cv-2010-11-IDJnvlL.html?search_reason=search%7Cpromoted,BMW 320 d LCI Navigation 184cv # 2010/11,https://ireland.apollo.olxcdn.com:443/v1/files/686leg2qmum13-PT/image;s=150x113;q=50,3,2026-06-21 23:45
BMW,320d F31,2012.0,205000.0,16500.0,,,,"Oliveira De Azeméis, Santiago De Riba-Ul, Ul, Macinhata Da Seixa E Madail",Para o topo hoje às 18:12,https://www.olx.pt/d/anuncio/bmw-320d-f31-nacional-pack-m-como-nova-IDIHvsY.html?search_reason=search%7Cpromoted,BMW 320d F31 Nacional Pack M (como nova),https://ireland.apollo.olxcdn.com:443/v1/files/z5wvjw1jc4ty1-PT/image;s=229x106;q=50,3,2026-06-21 23:45
BMW,M2 DKG,2017.0,87699.0,46500.0,,,,Vilarinho das Cambas,Para o topo hoje às 19:24,https://www.standvirtual.com/carros/anuncio/bmw-m2-dkg-ID8PZ89e.html,BMW M2 DKG,https://ireland.apollo.olxcdn.com:443/v1/files/rw5izt61tdh6-PT/image;s=159x106;q=50,3,2026-06-21 23:45
BMW,330e Híbrido,2016.0,160000.0,15990.0,,,,"Leiria, Pousos, Barreira E Cortes",Hoje às 09:41,https://www.olx.pt/d/anuncio/bmw-330e-hbrido-plug-in-iva-dedutvel-IDJpDkd.html?search_reason=search%7Corganic,BMW 330e Híbrido Plug-in (IVA Dedutível),https://ireland.apollo.olxcdn.com:443/v1/files/beam5mdclw7z2-PT/image;s=150x263;q=50,3,2026-06-21 23:45
BMW,Série 1,2013.0,241000.0,14500.0,,,,União de Freguesias da cidade de Santarém,Hoje às 20:45,https://www.olx.pt/d/anuncio/bmw-srie-1-120d-3p-f20-caixa-auto-8v-184cv-equipamento-rarssimo-IDJt5F3.html?search_reason=search%7Corganic,BMW Série 1 120d 3p F20 – Caixa Auto 8v (184cv) – Equipamento Raríssimo,,3,2026-06-21 23:45
BMW,116 d,2015.0,190852.0,11990.0,,,,Braga,Para o topo hoje às 20:05,https://www.standvirtual.com/carros/anuncio/bmw-116-d-line-sport-ID8Q0uXr.html,BMW 116 d Line Sport,,3,2026-06-21 23:45
BMW,X3 -,2015.0,117090.0,16950.0,,,,Cascais E Estoril,Para o topo hoje às 18:56,https://www.olx.pt/d/anuncio/bmw-x3-xdrive-2-0di-automatico-IDJdI1S.html?search_reason=search%7Corganic,BMW X3 - Xdrive 2.0di Automatico,,3,2026-06-21 23:45
BMW,640 i,2011.0,116912.0,27490.0,,,,Guia,Para o topo hoje às 21:27,https://www.standvirtual.com/carros/anuncio/bmw-640-i-ID8Q0yvV.html,BMW 640 i,,3,2026-06-21 23:45
BMW,X3 20,2011.0,300000.0,14250.0,,,,Vila Verde E Barbudo,Para o topo hoje às 23:15,https://www.standvirtual.com/carros/anuncio/bmw-x3-20-d-xdrive-pack-m-auto-ID8Q0lsh.html,BMW X3 20 d xDrive Pack M Auto,,3,2026-06-21 23:45
BMW,420 Gran,2019.0,120000.0,25500.0,,,,Barcarena,Hoje às 19:59,https://www.standvirtual.com/carros/anuncio/bmw-420-gran-coup-d-pack-m-auto-ID8Q0igw.html,BMW 420 Gran Coupé d Pack M Auto,,3,2026-06-21 23:45
BMW,116 d,2012.0,72000.0,13999.0,,,,"Aver-O-Mar, Amorim E Terroso",Para o topo hoje às 19:03,https://www.standvirtual.com/carros/anuncio/bmw-116-d-line-sport-ID8Q0xwW.html,BMW 116 d Line Sport,,3,2026-06-21 23:45
BMW,225xe Active,2021.0,57000.0,20740.0,,,,Cascais E Estoril,Para o topo hoje às 21:20,https://www.standvirtual.com/carros/anuncio/bmw-225xe-active-tourer-advantage-ID8PUE2O.html,BMW 225xe Active Tourer Advantage,,3,2026-06-21 23:45
BMW,216 Gran,2019.0,209500.0,15900.0,,,,Ourém,Para o topo a 20 de junho de 2026,https://www.standvirtual.com/carros/anuncio/bmw-216-gran-tourer-d-aut-advantage-ID8Q0rld.html,BMW 216 Gran Tourer d Aut. Advantage,,3,2026-06-21 23:45
BMW,X1,2026.0,1.0,55992.0,,,,Porto Salvo,Para o topo hoje às 21:00,https://www.standvirtual.com/carros/anuncio/bmw-x1-ID8PHFGu.html,BMW X1,,3,2026-06-21 23:45
BMW,X1,2018.0,117000.0,22990.0,,,,Serzedelo,Para o topo hoje às 15:52,https://www.standvirtual.com/carros/anuncio/bmw-x1-ID8Q0AJB.html,BMW X1,,3,2026-06-21 23:45
BMW,330 e,2020.0,107000.0,27000.0,,,,Montijo,Para o topo hoje às 19:05,https://www.standvirtual.com/carros/anuncio/bmw-330-e-aut-sport-line-ID8Q0zEj.html,BMW 330 e Aut. Sport Line,,3,2026-06-21 23:45
BMW,318 diesel,2013.0,270000.0,8650.0,,,,São Domingos de Rana,Hoje às 08:55,https://www.olx.pt/d/anuncio/bmw-318-diesel-sportline-IDJsZJw.html?search_reason=search%7Corganic,Bmw 318 diesel sportline,,3,2026-06-21 23:45
BMW,220 d,2015.0,159000.0,19250.0,,,,Rans,Hoje às 17:27,https://www.standvirtual.com/carros/anuncio/bmw-220-d-coupe-pack-m-ID8Q0hKC.html,BMW 220 d Coupe Pack M,,3,2026-06-21 23:45
BMW,116 d,2020.0,60000.0,22500.0,,,,Guimarães,Hoje às 20:27,https://www.standvirtual.com/carros/anuncio/bmw-116-d-pack-m-ID8Q0Bid.html,BMW 116 d Pack M,,3,2026-06-21 23:45
BMW,i4 eDrive40,2022.0,67000.0,39900.0,,,,Penafiel,Para o topo hoje às 18:47,https://www.standvirtual.com/carros/anuncio/bmw-i4-edrive40-gran-coupe-m-sport-ID8PZV1r.html,BMW i4 eDrive40 Gran Coupe M Sport,,3,2026-06-21 23:45
BMW,116 d,2014.0,104113.0,11500.0,,,,Campo De Ourique,Para o topo hoje às 20:27,https://www.standvirtual.com/carros/anuncio/bmw-116-d-edynamics-line-sport-ID8Q0yWE.html,BMW 116 d EDynamics Line Sport,,3,2026-06-21 23:45
BMW,X1 xDrive25e,2024.0,72000.0,44950.0,,,,Corroios,Para o topo hoje às 23:02,https://www.standvirtual.com/carros/anuncio/bmw-x1-xdrive25e-pack-desportivo-m-pro-ID8Q0yAG.html,BMW X1 xDrive25e Pack Desportivo M Pro,,3,2026-06-21 23:45
BMW,318 d,2013.0,230059.0,11500.0,,,,Ramalde,Hoje às 21:26,https://www.standvirtual.com/carros/anuncio/bmw-318-d-line-sport-ID8Q0vCX.html,BMW 318 d Line Sport,,3,2026-06-21 23:45
BMW,116d Line,2014.0,131000.0,9850.0,,,,Loureiro,Para o topo a 20 de junho de 2026,https://www.olx.pt/d/anuncio/bmw-116d-line-sport-IDJqsbb.html?search_reason=search%7Corganic,BMW 116d Line Sport,,3,2026-06-21 23:45
BMW,120d Pack,2007.0,239000.0,12950.0,,,,Nogueira E Silva Escura,Para o topo a 20 de junho de 2026,https://www.olx.pt/d/anuncio/bmw-120d-pack-1m-black-edition-IDJqeCC.html?search_reason=search%7Corganic,Bmw 120d Pack 1M Black Edition,,3,2026-06-21 23:45
BMW,620 Gran,2018.0,237000.0,27999.0,,,,Paredes,20 de junho de 2026,https://www.standvirtual.com/carros/anuncio/bmw-620-gran-turismo-d-pack-m-ID8Q0AZ0.html,BMW 620 Gran Turismo d Pack M,,3,2026-06-21 23:45
BMW,X1 sDrive18d,2021.0,96064.0,29900.0,,,,Rio Maior,Para o topo hoje às 16:42,https://www.standvirtual.com/carros/anuncio/bmw-x1-sdrive18d-ID8Q0mWD.html,BMW X1 sDrive18d,,3,2026-06-21 23:45
BMW,Gran tourer,2020.0,160000.0,14900.0,,,,Carnaxide E Queijas,26 de maio de 2026,https://www.olx.pt/d/anuncio/bmw-gran-tourer-7-lugares-nacional-IDJqb5X.html?search_reason=search%7Cpromoted,Bmw Gran tourer 7 lugares nacional,,3,2026-06-21 23:45
BMW,530 e,2024.0,8152.0,64900.0,,,,Covelas,Para o topo hoje às 19:32,https://www.standvirtual.com/carros/anuncio/bmw-530-e-pack-desportivo-m-pro-ID8PUnve.html,BMW 530 e Pack Desportivo M Pro,,3,2026-06-21 23:45
BMW,X5 35,2008.0,233000.0,16900.0,,,,Maia,Hoje às 16:35,https://www.standvirtual.com/carros/anuncio/bmw-x5-35-d-xdrive-ID8PNmQd.html,BMW X5 35 d xDrive,,3,2026-06-21 23:45
BMW,X4 20,2016.0,156681.0,29990.0,,,,Trofa,Para o topo hoje às 20:33,https://www.standvirtual.com/carros/anuncio/bmw-x4-20-d-xdrive-pack-m-auto-ID8Q0p9n.html,BMW X4 20 d xDrive Pack M Auto,,3,2026-06-21 23:45
BMW,520 d,2010.0,115000.0,15950.0,,,,"Airão Santa Maria, Airão São João E Vermil",Hoje às 12:09,https://www.standvirtual.com/carros/anuncio/bmw-520-d-auto-ID8Q0r4O.html,BMW 520 d Auto,,3,2026-06-21 23:45
BMW,318 d,2020.0,199895.0,18900.0,,,,Moure,Para o topo a 20 de junho de 2026,https://www.standvirtual.com/carros/anuncio/bmw-318-d-advantage-auto-ID8Q0x8P.html,BMW 318 d Advantage Auto,,3,2026-06-21 23:45
BMW,M3 SMGII,2003.0,150000.0,49900.0,,,,Moure,Hoje às 11:43,https://www.standvirtual.com/carros/anuncio/bmw-m3-smgii-ID8Q0B0v.html,BMW M3 SMGII,,3,2026-06-21 23:45
BMW,116d Sport,2015.0,227000.0,7999.0,,,,Matosinhos E Leça Da Palmeira,20 de junho de 2026,https://www.olx.pt/d/anuncio/bmw-116d-sport-2015-nacional-IDJsQFo.html?search_reason=search%7Corganic,Bmw 116d Sport 2015 Nacional,,3,2026-06-21 23:45
BMW,116 d,2009.0,180656.0,7490.0,,,,Barcarena,Para o topo hoje às 23:10,https://www.standvirtual.com/carros/anuncio/bmw-116-d-ID8Q0wPY.html,BMW 116 d,,3,2026-06-21 23:45
BMW,X1 16,2018.0,167000.0,19950.0,,,,Paredes,Para o topo hoje às 22:27,https://www.standvirtual.com/carros/anuncio/bmw-x1-16-d-sdrive-ID8PZa2t.html,BMW X1 16 d sDrive,,3,2026-06-21 23:45
BMW,X5 xDrive40e,2016.0,157360.0,27900.0,,,,Póvoa De Santo Adrião E Olival Basto,Para o topo hoje às 14:20,https://www.standvirtual.com/carros/anuncio/bmw-x5-xdrive40e-ID8Q0zTW.html,BMW X5 xDrive40e,,3,2026-06-21 23:45
BMW,M3 Auto,2015.0,77000.0,56900.0,,,,Rio de Mouro,Para o topo hoje às 11:47,https://www.standvirtual.com/carros/anuncio/bmw-m3-auto-ID8Q0o0H.html,BMW M3 Auto,,3,2026-06-21 23:45
BMW,i4 M50,2024.0,37200.0,62890.0,,,,Alcabideche,Para o topo hoje às 16:50,https://www.standvirtual.com/carros/anuncio/bmw-i4-m50-pack-desportivo-m-pro-ID8Q0AjG.html,BMW i4 M50 Pack Desportivo M Pro,,3,2026-06-21 23:45
BMW,530 e,2020.0,120000.0,27990.0,,,,Coimbra,Para o topo a 20 de junho de 2026,https://www.standvirtual.com/carros/anuncio/bmw-530-e-pack-50-anos-m-ID8Q0umL.html,BMW 530 e Pack 50 anos M,,3,2026-06-21 23:45
BMW,Z4 2.0i,2005.0,156000.0,12500.0,,,,Minde,Para o topo a 20 de junho de 2026,https://www.standvirtual.com/carros/anuncio/bmw-z4-2-0i-ID8Q0wnC.html,BMW Z4 2.0i,,3,2026-06-21 23:45
BMW,535 d,2012.0,144000.0,21900.0,,,,Santo António Dos Cavaleiros E Frielas,Para o topo hoje às 18:47,https://www.standvirtual.com/carros/anuncio/bmw-535-d-pack-m-auto-ID8Q0hsD.html,BMW 535 d Pack M Auto,,3,2026-06-21 23:45
BMW,320 d,2009.0,150000.0,12000.0,,,,Sintra,Para o topo a 19 de junho de 2026,https://www.standvirtual.com/carros/anuncio/bmw-320-d-cabrio-ID8PYqbv.html,BMW 320 d Cabrio,,3,2026-06-21 23:45
BMW,120i Pack,2015.0,138000.0,14650.0,,,,"Braga (Maximinos, Sé E Cividade)",Para o topo hoje às 21:51,https://www.olx.pt/d/anuncio/bmw-120i-pack-m-auto-IDJcRU2.html?search_reason=search%7Corganic,Bmw 120i Pack M Auto,,3,2026-06-21 23:45
BMW,116,2015.0,209396.0,12990.0,,,,São João Das Lampas E Terrugem,Para o topo hoje às 20:43,https://www.standvirtual.com/carros/anuncio/bmw-116-ID8PZWqS.html,BMW 116,,3,2026-06-21 23:45
BMW,118 d,2009.0,225191.0,12900.0,,,,Covelas,Para o topo hoje às 19:10,https://www.standvirtual.com/carros/anuncio/bmw-118-d-limited-edition-lifestyle-c-m-sport-pack-ID8Q0xy9.html,BMW 118 d Limited Edition Lifestyle c/ M Sport Pack,,3,2026-06-21 23:45
BMW,118 i,2011.0,130000.0,14490.0,,,,Braga (São José De São Lázaro E São João Do Souto),Para o topo hoje às 20:16,https://www.standvirtual.com/carros/anuncio/bmw-118-i-limited-edition-lifestyle-c-m-sport-pack-ID8Q0uS5.html,BMW 118 i Limited Edition Lifestyle c/ M Sport Pack,,3,2026-06-21 23:45
BMW,M4 Auto,2015.0,56000.0,58500.0,,,,"Santa Iria De Azoia, São João Da Talha E Bobadela",Para o topo hoje às 20:45,https://www.standvirtual.com/carros/anuncio/bmw-m4-auto-ID8PXgOL.html,BMW M4 Auto,,3,2026-06-21 23:45
BMW,i5 eDrive40,2025.0,19887.0,59900.0,,,,Covelas,Para o topo hoje às 19:22,https://www.standvirtual.com/carros/anuncio/bmw-i5-edrive40-pack-desportivo-m-pro-ID8PZUy5.html,BMW i5 eDrive40 Pack Desportivo M Pro,,3,2026-06-21 23:45
BMW,i4 eDrive40,2026.0,1.0,64792.0,,,,Porto Salvo,Para o topo hoje às 21:00,https://www.standvirtual.com/carros/anuncio/bmw-i4-edrive40-ID8PHFGo.html,BMW i4 eDrive40,https://ireland.apollo.olxcdn.com:443/v1/files/oz7btf6owzo02-PT/image;s=159x106;q=50,4,2026-06-21 23:46
BMW,318 d,2017.0,183306.0,19490.0,,,,Guia,Para o topo a 20 de junho de 2026,https://www.standvirtual.com/carros/anuncio/bmw-318-d-line-sport-auto-ID8Q0uV9.html,BMW 318 d Line Sport Auto,https://ireland.apollo.olxcdn.com:443/v1/files/nh177yw6wfne-PT/image;s=150x113;q=50,4,2026-06-21 23:46
BMW,330 e,2021.0,94549.0,27500.0,,,,Riachos,Para o topo hoje às 20:55,https://www.standvirtual.com/carros/anuncio/bmw-330-e-auto-ID8Q0lNm.html,BMW 330 e Auto,https://ireland.apollo.olxcdn.com:443/v1/files/caec2ikbmr2l-PT/image;s=150x113;q=50,4,2026-06-21 23:46
BMW,220 i,2016.0,73148.0,33990.0,,,,Trofa,Para o topo hoje às 21:25,https://www.standvirtual.com/carros/anuncio/bmw-220-i-aut-m-sport-ID8PZU4l.html,BMW 220 i Aut. M Sport,,4,2026-06-21 23:46
BMW,330 d,2007.0,161000.0,18990.0,,,,Matosinhos,Para o topo a 19 de junho de 2026,https://www.standvirtual.com/carros/anuncio/bmw-330-d-auto-ID8Q0uiE.html,BMW 330 d Auto,,4,2026-06-21 23:46
BMW,435 d,2014.0,270000.0,19900.0,,,,Argoncilhe,19 de junho de 2026,https://www.standvirtual.com/carros/anuncio/bmw-435-d-xdrive-pack-m-auto-ID8Q0APa.html,BMW 435 d xDrive Pack M Auto,,4,2026-06-21 23:46
BMW,M2 Auto,2023.0,14250.0,87990.0,,,,Trofa,Hoje às 16:45,https://www.standvirtual.com/carros/anuncio/bmw-m2-auto-ID8PLCwb.html,BMW M2 Auto,,4,2026-06-21 23:46
BMW,serie 1,2011.0,178000.0,11349.0,,,,"Braga (Maximinos, Sé E Cividade)",Para o topo a 20 de junho de 2026,https://www.olx.pt/d/anuncio/bmw-serie-1-coupe-pack-m-IDJquPa.html?search_reason=search%7Corganic,Bmw serie 1 coupe pack m,,4,2026-06-21 23:46
BMW,X3 30,2021.0,59800.0,39990.0,,,,Cascais E Estoril,Para o topo hoje às 20:00,https://www.standvirtual.com/carros/anuncio/bmw-x3-30-e-xdrive-pack-m-desportivo-pro-ID8Q0rHS.html,BMW X3 30 e xDrive Pack M Desportivo Pro,,4,2026-06-21 23:46
BMW,i4 eDrive40,2022.0,112500.0,36250.0,,,,Póvoa De Santa Iria E Forte Da Casa,Para o topo hoje às 20:30,https://www.standvirtual.com/carros/anuncio/bmw-i4-edrive40-ID8PLU6U.html,BMW i4 eDrive40,,4,2026-06-21 23:46
BMW,X6 40,2011.0,213000.0,20999.0,,,,Nogueira da Regedoura,Para o topo a 19 de junho de 2026,https://www.standvirtual.com/carros/anuncio/bmw-x6-40-d-xdrive-ID8Q0slu.html,BMW X6 40 d xDrive,,4,2026-06-21 23:46
BMW,320i Cabrio,2007.0,82000.0,15800.0,,,,"Cedofeita, Santo Ildefonso, Sé, Miragaia, São Nicolau E Vitória",Para o topo hoje às 12:44,https://www.olx.pt/d/anuncio/bmw-320i-cabrio-nacional-82-mil-kms-IDJmAcv.html?search_reason=search%7Cpromoted,BMW 320i Cabrio Nacional - 82 mil kms,,4,2026-06-21 23:46
BMW,M5,2009.0,52000.0,69990.0,,,,Pelariga,Para o topo a 19 de junho de 2026,https://www.standvirtual.com/carros/anuncio/bmw-m5-ID8Q0x7j.html,BMW M5,,4,2026-06-21 23:46
BMW,F31 320D,2013.0,196888.0,16950.0,,,,Fafe,Para o topo a 19 de junho de 2026,https://www.olx.pt/d/anuncio/bmw-f31-320d-pack-mperfomance-IDJr5D7.html?search_reason=search%7Corganic,Bmw F31 320D Pack Mperfomance,,4,2026-06-21 23:46
BMW,X1 xDrive25e,2023.0,62705.0,39990.0,,,,Laranjeiro E Feijó,Para o topo hoje às 20:59,https://www.standvirtual.com/carros/anuncio/bmw-x1-xdrive25e-aut-m-sport-pack-ID8Q0j5z.html,BMW X1 xDrive25e Aut. M Sport Pack,,4,2026-06-21 23:46
BMW,840 Gran,2019.0,188710.0,58900.0,,,,Covelas,Para o topo hoje às 19:15,https://www.standvirtual.com/carros/anuncio/bmw-840-gran-coup-d-xdrive-pack-m-ID8Q0kDe.html,BMW 840 Gran Coupé d xDrive Pack M,,4,2026-06-21 23:46
BMW,320 f31,,352.0,11750.0,,,,Tomar (São João Baptista) E Santa Maria Dos Olivais,Para o topo hoje às 21:08,https://www.olx.pt/d/anuncio/zbmw-320-f31-luxury-IDJqFMF.html?search_reason=search%7Corganic,ZBmw 320 f31 luxury,,4,2026-06-21 23:46
BMW,serie 1,2011.0,221000.0,8999.0,,,,"Vila Real (Nossa Senhora Da Conceição, São Pedro E São Dinis)",Para o topo a 20 de junho de 2026,https://www.olx.pt/d/anuncio/bmw-serie-1-coupe-118d-IDJqPmM.html?search_reason=search%7Corganic,Bmw serie 1 coupe 118d,,4,2026-06-21 23:46
BMW,330 e,2021.0,133700.0,22900.0,,,,Mealhada,20 de junho de 2026,https://www.standvirtual.com/carros/anuncio/bmw-330-e-corporate-edition-auto-ID8Q0wjL.html,BMW 330 e Corporate Edition Auto,,4,2026-06-21 23:46
BMW,120d AUTO,2014.0,380000.0,10990.0,,,,São Domingos de Rana,Para o topo a 20 de junho de 2026,https://www.olx.pt/d/anuncio/bmw-120d-auto-pack-m-200cv-IDJqMUb.html?search_reason=search%7Corganic,BMW 120d AUTO PACK M 200cv,,4,2026-06-21 23:46
BMW,X1 Caixa,2018.0,94000.0,17990.0,,,,Alfragide,Para o topo a 19 de junho de 2026,https://www.olx.pt/d/anuncio/bmw-x1-caixa-auto-16d-2018-nacional-desde-259-mes-IDJrmBE.html?search_reason=search%7Corganic,BMW X1 Caixa Auto 16d 2018 Nacional **DESDE 259€ mes -**,,4,2026-06-21 23:46
BMW,116 d,2017.0,148558.0,16990.0,,,,Braga,Para o topo hoje às 20:06,https://www.standvirtual.com/carros/anuncio/bmw-116-d-pack-m-ID8Q0foH.html,BMW 116 d Pack M,,4,2026-06-21 23:46
BMW,i5,2026.0,1.0,74993.0,,,,Porto Salvo,Para o topo hoje às 22:10,https://www.standvirtual.com/carros/anuncio/bmw-i5-ID8PYGG1.html,BMW i5,,4,2026-06-21 23:46
BMW,330 e,2022.0,62112.0,35900.0,,,,Mafra,Para o topo hoje às 09:51,https://www.standvirtual.com/carros/anuncio/bmw-330-e-pack-m-auto-ID8Q04wx.html,BMW 330 e Pack M Auto,,4,2026-06-21 23:46
BMW,i4 eDrive40,2023.0,65000.0,40900.0,,,,Penafiel,Para o topo hoje às 15:09,https://www.standvirtual.com/carros/anuncio/bmw-i4-edrive40-gran-coupe-m-sport-ID8Q0pSU.html,BMW i4 eDrive40 Gran Coupe M Sport,,4,2026-06-21 23:46
BMW,X5 3.0,2007.0,254000.0,16999.0,,,,"Sintra (Santa Maria E São Miguel, São Martinho E São Pedro De Penaferrim)",Hoje às 12:00,https://www.standvirtual.com/carros/anuncio/bmw-x5-3-0-d-ID8PYENg.html,BMW X5 3.0 d,,4,2026-06-21 23:46
BMW,X4 20,2021.0,85844.0,43800.0,,,,Parque das Nações,Para o topo hoje às 19:49,https://www.standvirtual.com/carros/anuncio/bmw-x4-20-d-xdrive-pack-m-auto-ID8Q04Ew.html,BMW X4 20 d xDrive Pack M Auto,,4,2026-06-21 23:46
BMW,X3 20,2013.0,195000.0,17500.0,,,,Cascais E Estoril,Para o topo a 20 de junho de 2026,https://www.standvirtual.com/carros/anuncio/bmw-x3-20-d-xdrive-pack-m-auto-ID8Q0w6Y.html,BMW X3 20 d xDrive Pack M Auto,,4,2026-06-21 23:46
BMW,M4 Competition,2021.0,99000.0,84990.0,,,,Guimarães,Para o topo a 20 de junho de 2026,https://www.standvirtual.com/carros/anuncio/bmw-m4-competition-ID8Q0tLq.html,BMW M4 Competition,,4,2026-06-21 23:46
BMW,i3 120Ah,2019.0,104800.0,17900.0,,,,Parque das Nações,20 de junho de 2026,https://www.standvirtual.com/carros/anuncio/bmw-i3-120ah-ID8Q0AWu.html,BMW i3 120Ah,,4,2026-06-21 23:46
BMW,iX3 Inspiring,2021.0,54000.0,34990.0,,,,Cascais E Estoril,Para o topo hoje às 21:20,https://www.standvirtual.com/carros/anuncio/bmw-ix3-inspiring-ID8PV5tb.html,BMW iX3 Inspiring,,4,2026-06-21 23:46
BMW,X3 xDrive30e,2022.0,72500.0,35950.0,,,,Pontinha E Famões,Para o topo hoje às 21:55,https://www.standvirtual.com/carros/anuncio/bmw-x3-xdrive30e-aut-xline-ID8Q0jRm.html,BMW X3 xDrive30e Aut. xLine,,4,2026-06-21 23:46
BMW,e92 320d,2009.0,300000.0,11500.0,,,,Sines,Para o topo a 20 de junho de 2026,https://www.olx.pt/d/anuncio/bmw-e92-320d-coupe-IDJrsqw.html?search_reason=search%7Corganic,Bmw e92 320d coupe,,4,2026-06-21 23:46
BMW,530d Touring,2004.0,350000.0,6800.0,,,,Benedita,20 de junho de 2026,https://www.olx.pt/d/anuncio/bmw-530d-touring-pack-m-e61-caixa-manual-stage-1-280cv-IDJsWss.html?search_reason=search%7Corganic,BMW 530d Touring Pack M (E61) – Caixa Manual – Stage 1 (~280cv),,4,2026-06-21 23:46
BMW,G82 M4,2021.0,59000.0,80500.0,,,,Colmeias E Memória,18 de junho de 2026,https://www.olx.pt/d/anuncio/bmw-g82-m4-competition-2021-nacional-IDJ66sd.html?search_reason=search%7Corganic,Bmw G82 M4 Competition 2021 Nacional,,4,2026-06-21 23:46
BMW,520 d,2011.0,270000.0,12990.0,,,,Serzedelo,Para o topo a 20 de junho de 2026,https://www.standvirtual.com/carros/anuncio/bmw-520-d-pack-m-ID8PZTT4.html,BMW 520 d Pack M,,4,2026-06-21 23:46
BMW,118d SPORT,2020.0,190000.0,16490.0,,,,Mafamude E Vilar Do Paraíso,Para o topo hoje às 13:54,https://www.olx.pt/d/anuncio/bmw-118d-sport-auto-2-0-150-cv-excelente-estado-IDJmpqC.html?search_reason=search%7Cpromoted,BMW 118d SPORT Auto | 2.0 150 cv. – Excelente Estado,,4,2026-06-21 23:46
BMW,228i Cabrio,2016.0,69000.0,22890.0,,,,Cascais E Estoril,Para o topo hoje às 16:17,https://www.olx.pt/d/anuncio/bmw-228i-cabrio-245cv-pack-m-c-garantia-full-extras-IDJpIUe.html?search_reason=search%7Cpromoted,BMW 228i Cabrio 245cv Pack M - c/ Garantia - Full Extras,,4,2026-06-21 23:46
BMW,i4 M50,2022.0,152332.0,39400.0,,,,São Domingos de Rana,Para o topo hoje às 21:27,https://www.standvirtual.com/carros/anuncio/bmw-i4-m50-pack-desportivo-m-pro-ID8Q0zjx.html,BMW i4 M50 Pack Desportivo M Pro,,4,2026-06-21 23:46
BMW,X3 20,2007.0,151000.0,11500.0,,,,Santo António dos Olivais,Para o topo a 19 de junho de 2026,https://www.standvirtual.com/carros/anuncio/bmw-x3-20-d-xdrive-lifestyle-ID8Q0wVa.html,BMW X3 20 d xDrive Lifestyle,,4,2026-06-21 23:46
BMW,640 d,2012.0,127000.0,29950.0,,,,Fânzeres E São Pedro Da Cova,Para o topo hoje às 22:00,https://www.standvirtual.com/carros/anuncio/bmw-640-d-xdrive-m-sport-edition-ID8PZGKF.html,BMW 640 d xDrive M Sport Edition,,4,2026-06-21 23:46
BMW,116 i,2013.0,115151.0,10990.0,,,,Milheirós,Para o topo a 20 de junho de 2026,https://www.standvirtual.com/carros/anuncio/bmw-116-i-ID8Q0nu2.html,BMW 116 i,,4,2026-06-21 23:46
BMW,x5 35d,2008.0,184000.0,14750.0,,,,"Almada, Cova Da Piedade, Pragal E Cacilhas",Hoje às 03:15,https://www.olx.pt/d/anuncio/bmw-x5-35d-sdrive-286cv-pack-m-nacional-IDJsZnm.html?search_reason=search%7Corganic,Bmw x5 35d sdrive 286cv Pack M Nacional,,4,2026-06-21 23:46
BMW,520d PACK,2012.0,265000.0,12900.0,,,,Alfragide,Para o topo a 20 de junho de 2026,https://www.olx.pt/d/anuncio/bmw-520d-pack-m-desde-179-ms-IDJqyHr.html?search_reason=search%7Corganic,BMW 520d PACK M **DESDE 179€ MÊS**,,4,2026-06-21 23:46
BMW,X6 40,2026.0,1.0,116290.0,,,,Porto Salvo,Para o topo hoje às 22:10,https://www.standvirtual.com/carros/anuncio/bmw-x6-40-i-xdrive-sport-ID8PYGGg.html,BMW X6 40 i xDrive Sport,,4,2026-06-21 23:46
BMW,118 PACK,2011.0,292000.0,8500.0,,,,Condeixa-A-Velha E Condeixa-A-Nova,Hoje às 21:44,https://www.olx.pt/d/anuncio/bmw-118-pack-m-IDJt67k.html?search_reason=search%7Corganic,BMW 118 PACK M,,4,2026-06-21 23:46
BMW,X seis,2011.0,300000.0,12000.0,,,,Mafra,19 de junho de 2026,https://www.olx.pt/d/anuncio/bmw-x-seis-x-quarenta-IDJsOgp.html?search_reason=search%7Corganic,BMW X seis X quarenta,,4,2026-06-21 23:46
BMW,116 d,2015.0,215000.0,11750.0,,,,Campanhã,Para o topo hoje às 10:39,https://www.standvirtual.com/carros/anuncio/bmw-116-d-line-sport-ID8Q0l0a.html,BMW 116 d Line Sport,https://ireland.apollo.olxcdn.com:443/v1/files/5ycuubozy7h13-PT/image;s=150x112;q=50,5,2026-06-21 23:46
BMW,f10 520d,2010.0,245000.0,14500.0,,,,Ruílhe,Para o topo hoje às 07:39,https://www.olx.pt/d/anuncio/bmw-f10-520d-2010-IDJkfNQ.html?search_reason=search%7Cpromoted,Bmw f10  520d 2010,https://ireland.apollo.olxcdn.com:443/v1/files/jxgf428b0fp7-PT/image;s=150x113;q=50,5,2026-06-21 23:46
BMW,E39 Touring,2000.0,319000.0,5490.0,,,,Valongo,18 de junho de 2026,https://www.olx.pt/d/anuncio/bmw-e39-touring-motor-30i-IDJjWM7.html?search_reason=search%7Cpromoted,BMW E39 Touring motor 30i,https://ireland.apollo.olxcdn.com:443/v1/files/9gr3t9stlh811-PT/image;s=150x113;q=50,5,2026-06-21 23:46
BMW,216 Gran,2024.0,41330.0,32000.0,,,,Castelo de Paiva,Para o topo hoje às 22:20,https://www.standvirtual.com/carros/anuncio/bmw-216-gran-coup-ID8Q0uYe.html,BMW 216 Gran Coupé,https://ireland.apollo.olxcdn.com:443/v1/files/1khogi8zzvvo-PT/image;s=150x113;q=50,5,2026-06-21 23:46
BMW,225xe Active,2018.0,220000.0,16000.0,,,,Aradas,Para o topo hoje às 19:33,https://www.standvirtual.com/carros/anuncio/bmw-225xe-active-tourer-iperformance-m-sport-ID8Q0vEY.html,BMW 225xe Active Tourer iPerformance M Sport,https://ireland.apollo.olxcdn.com:443/v1/files/7yhl58hg6a6q1-PT/image;s=150x113;q=50,5,2026-06-21 23:46
BMW,X1 Sdrive,2009.0,185000.0,10900.0,,,,Barreiro E Lavradio,Para o topo a 19 de junho de 2026,https://www.olx.pt/d/anuncio/bmw-x1-sdrive-177cv-pintura-nova-185-000klms-IDJow1l.html?search_reason=search%7Corganic,BMW X1 Sdrive 177cv PINTURA NOVA 185.000KLMS!!,,5,2026-06-21 23:46
BMW,335 i,2012.0,99300.0,29500.0,,,,Paranhos,Para o topo hoje às 23:02,https://www.standvirtual.com/carros/anuncio/bmw-335-i-auto-ID8PZ5F9.html,BMW 335 i Auto,,5,2026-06-21 23:46
BMW,530,2020.0,48230.0,34800.0,,,,Odivelas,Para o topo a 19 de junho de 2026,https://www.standvirtual.com/carros/anuncio/bmw-530-ID8Q0xlw.html,BMW 530,,5,2026-06-21 23:46
BMW,420 d,2021.0,80400.0,39999.0,,,,Barcelos,Para o topo a 20 de junho de 2026,https://www.standvirtual.com/carros/anuncio/bmw-420-d-m-sport-ID8Q0yww.html,BMW 420 d M Sport,,5,2026-06-21 23:46
BMW,X3 30,2022.0,94000.0,37900.0,,,,Vermoim,Para o topo a 20 de junho de 2026,https://www.standvirtual.com/carros/anuncio/bmw-x3-30-e-xdrive-xline-ID8Q0xsi.html,BMW X3 30 e xDrive xLine,,5,2026-06-21 23:46
BMW,M550d xDrive,2012.0,181130.0,25900.0,,,,Quinta do Conde,18 de junho de 2026,https://www.standvirtual.com/carros/anuncio/bmw-m550d-xdrive-auto-ID8Q0Ao1.html,BMW M550d xDrive Auto,,5,2026-06-21 23:46
BMW,118 d,2012.0,146000.0,14990.0,,,,Merelim (São Pedro) E Frossos,Hoje às 22:31,https://www.standvirtual.com/carros/anuncio/bmw-118-d-pack-m-ID8Q0Bjp.html,BMW 118 d Pack M,,5,2026-06-21 23:46
BMW,116 d,2018.0,125579.0,13900.0,,,,Guia,19 de junho de 2026,https://www.olx.pt/d/anuncio/bmw-116-d-2018-IDJsLYe.html?search_reason=search%7Corganic,Bmw 116 d - 2018,,5,2026-06-21 23:46
BMW,f20 120d,2014.0,222078.0,17499.0,,,,Martim,Para o topo hoje às 09:48,https://www.olx.pt/d/anuncio/bmw-f20-120d-185cv-IDJqUzG.html?search_reason=search%7Cpromoted,BMW f20 120d 185cv,,5,2026-06-21 23:46
BMW,318D F31,2015.0,161000.0,18950.0,,,,Golães,Para o topo a 20 de junho de 2026,https://www.olx.pt/d/anuncio/bmw-318d-f31-pack-m-IDJsej6.html?search_reason=search%7Cpromoted,BMW 318D F31 Pack M,,5,2026-06-21 23:46
BMW,X4 20,2020.0,163600.0,36900.0,,,,Rio Maior,Para o topo hoje às 16:21,https://www.standvirtual.com/carros/anuncio/bmw-x4-20-d-xdrive-xline-auto-ID8PZR2Q.html,BMW X4 20 d xDrive XLine Auto,,5,2026-06-21 23:46
BMW,520 d,2017.0,190000.0,20250.0,,,,Vila Real,Para o topo a 20 de junho de 2026,https://www.standvirtual.com/carros/anuncio/bmw-520-d-ed-line-luxury-ID8Q0xf5.html,BMW 520 d ED Line Luxury,,5,2026-06-21 23:46
BMW,118d F21,2016.0,190000.0,13500.0,,,,Monção E Troviscoso,20 de junho de 2026,https://www.olx.pt/d/anuncio/bmw-118d-f21-lci-pack-m-150cv-IDJsTee.html?search_reason=search%7Corganic,BMW 118d F21 LCI PACK M 150cv,,5,2026-06-21 23:46
BMW,420 i,2013.0,178000.0,20950.0,,,,Frazão Arreigada,Para o topo a 19 de junho de 2026,https://www.standvirtual.com/carros/anuncio/bmw-420-i-m-sport-ID8Q0sn8.html,BMW 420 i M Sport,,5,2026-06-21 23:46
BMW,E90 PACK,2008.0,,8000.0,,,,"Leiria, Pousos, Barreira E Cortes",20 de junho de 2026,https://www.olx.pt/d/anuncio/bmw-e90-pack-m-2008-IDJsTFo.html?search_reason=search%7Corganic,BMW E90 PACK M 2008,,5,2026-06-21 23:46
BMW,e46 320CI,,,7000.0,,,,Aljubarrota,20 de junho de 2026,https://www.olx.pt/d/anuncio/bmw-e46-320ci-c-afazeres-IDJsXL4.html?search_reason=search%7Corganic,Bmw e46 320CI c/ afazeres,,5,2026-06-21 23:46
BMW,420 Gran,2016.0,187000.0,20000.0,,,,Vila Nova de Gaia,Para o topo hoje às 22:46,https://www.standvirtual.com/carros/anuncio/bmw-420-gran-coup-d-pack-m-auto-ID8Q0mdM.html,BMW 420 Gran Coupé d Pack M Auto,,5,2026-06-21 23:46
BMW,X3 20,2017.0,256906.0,22900.0,,,,Mafra,Para o topo hoje às 22:32,https://www.standvirtual.com/carros/anuncio/bmw-x3-20-d-xdrive-ID8PZax0.html,BMW X3 20 d xDrive,,5,2026-06-21 23:46
BMW,520d Oportunidade,2010.0,260000.0,9990.0,,,,Montijo E Afonsoeiro,18 de junho de 2026,https://www.olx.pt/d/anuncio/bmw-520d-oportunidade-IDJsFk5.html?search_reason=search%7Corganic,Bmw 520d Oportunidade,,5,2026-06-21 23:46
BMW,330 d,2007.0,300000.0,16200.0,,,,Lumiar,Para o topo a 20 de junho de 2026,https://www.standvirtual.com/carros/anuncio/bmw-330-d-ID8Q0uvO.html,BMW 330 d,,5,2026-06-21 23:46
BMW,320D coupe,,191211.0,16490.0,,,,Fafe,Para o topo a 20 de junho de 2026,https://www.olx.pt/d/anuncio/bmw-320d-coupe-mperomance-trato-de-crdito-IDJqN1Y.html?search_reason=search%7Corganic,Bmw 320D coupe Mperomance ( trato de crédito),,5,2026-06-21 23:46
BMW,216 Gran,2021.0,148928.0,17750.0,,,,Matosinhos,Para o topo hoje às 16:50,https://www.standvirtual.com/carros/anuncio/bmw-216-gran-coup-d-advantage-ID8Q0AjI.html,BMW 216 Gran Coupé d Advantage,,5,2026-06-21 23:46
BMW,iX xDrive,2025.0,17100.0,73900.0,,,,Urgezes,Para o topo hoje às 19:27,https://www.standvirtual.com/carros/anuncio/bmw-ix-xdrive-45-pack-desportivo-ID8Q0A3c.html,BMW iX xDrive 45 Pack Desportivo,,5,2026-06-21 23:46
BMW,320 e,2021.0,44000.0,32700.0,,,,Silvares,Para o topo hoje às 09:26,https://www.standvirtual.com/carros/anuncio/bmw-320-e-pack-m-auto-ID8Q0eI3.html,BMW 320 e Pack M Auto,,5,2026-06-21 23:46
BMW,418d gran,2018.0,185000.0,16750.0,,,,Odivelas,Para o topo a 20 de junho de 2026,https://www.olx.pt/d/anuncio/bmw-418d-gran-coup-IDJr8bO.html?search_reason=search%7Corganic,BMW 418d gran coupé,,5,2026-06-21 23:46
BMW,520d Pack,2018.0,190000.0,21990.0,,,,Alfragide,20 de junho de 2026,https://www.olx.pt/d/anuncio/bmw-520d-pack-m-g30-desde-309-ms-IDJsTuZ.html?search_reason=search%7Corganic,BMW 520d Pack M G30 ** DESDE 309€ MÊS**,,5,2026-06-21 23:46
BMW,M sport,2013.0,193000.0,11999.0,,,,Buarcos,Para o topo a 20 de junho de 2026,https://www.olx.pt/d/anuncio/bmw-m-sport-320d-184-cv-IDJsr80.html?search_reason=search%7Corganic,Bmw M sport  320d 184 cv,,5,2026-06-21 23:46
BMW,330,2018.0,75101.0,21990.0,,,,Ramalde,Para o topo hoje às 19:30,https://www.standvirtual.com/carros/anuncio/bmw-330-ID8Q0fky.html,BMW 330,,5,2026-06-21 23:46
BMW,525D Automático,2006.0,204000.0,9990.0,,,,São Domingos de Rana,Hoje às 14:05,https://www.olx.pt/d/anuncio/bmw-525d-automtico-IDJt2Q8.html?search_reason=search%7Corganic,BMW 525D Automático,,5,2026-06-21 23:46
BMW,i3 s,2019.0,93500.0,18900.0,,,,Vila Nova De Anha,Para o topo a 20 de junho de 2026,https://www.standvirtual.com/carros/anuncio/bmw-i3-s-120ah-ID8Q0yxx.html,BMW i3 s 120Ah,,5,2026-06-21 23:46
BMW,320d,,,2999.0,,,,Monção E Troviscoso,Hoje às 15:59,https://www.olx.pt/d/anuncio/vendo-ou-troco-bmw-320d-IDJt3rH.html?search_reason=search%7Corganic,Vendo ou troco bmw 320d,,5,2026-06-21 23:46
BMW,116 d,2019.0,105000.0,18450.0,,,,Maia,Para o topo hoje às 23:24,https://www.standvirtual.com/carros/anuncio/bmw-116-d-corporate-edition-ID8PXoV4.html,BMW 116 d Corporate Edition,,5,2026-06-21 23:46
BMW,320d 2009,2009.0,225000.0,8000.0,,,,Terrugem E Vila Boim,19 de junho de 2026,https://www.olx.pt/d/anuncio/bmw-320d-2009-225-000-km-bom-estado-geral-conforto-consumo-baixo-e-boa-performance-IDJpHAW.html?search_reason=search%7Corganic,"BMW 320d 2009 | 225.000 km | Bom Estado Geral,    Conforto, Consumo Baixo e Boa Performance",,5,2026-06-21 23:46
BMW,iX2 xDrive30,2024.0,26000.0,47800.0,,,,Silvares,Para o topo hoje às 09:26,https://www.standvirtual.com/carros/anuncio/bmw-ix2-xdrive30-pack-desportivo-m-ID8PZLaS.html,BMW iX2 xDrive30 Pack Desportivo M,,5,2026-06-21 23:46
BMW,520 i,2026.0,1.0,67192.0,,,,Porto Salvo,Para o topo hoje às 22:10,https://www.standvirtual.com/carros/anuncio/bmw-520-i-ID8PYGGc.html,BMW 520 i,,5,2026-06-21 23:46
BMW,114D EfficientDynamics,2013.0,386000.0,6750.0,,,,São Mamede De Infesta E Senhora Da Hora,Para o topo hoje às 01:28,https://www.olx.pt/d/anuncio/bmw-114d-efficientdynamics-1-6cc-95cv-IDITLVf.html?search_reason=search%7Cpromoted,BMW 114D EfficientDynamics 1.6cc 95Cv,,5,2026-06-21 23:46
BMW,420D COUPÉ,2013.0,185000.0,21950.0,,,,Golães,Para o topo a 19 de junho de 2026,https://www.olx.pt/d/anuncio/bmw-420d-coup-look-m-performance-IDJqLuA.html?search_reason=search%7Corganic,BMW 420D COUPÉ LOOK M Performance,,5,2026-06-21 23:46
BMW,M4 Competition,2023.0,49500.0,85250.0,,,,Alverca Do Ribatejo E Sobralinho,Para o topo a 20 de junho de 2026,https://www.standvirtual.com/carros/anuncio/bmw-m4-competition-ID8Q0xD7.html,BMW M4 Competition,,5,2026-06-21 23:46
BMW,Séire 1,2019.0,75747.0,17250.0,,,,"Oliveira De Azeméis, Santiago De Riba-Ul, Ul, Macinhata Da Seixa E Madail",Hoje às 10:48,https://www.olx.pt/d/anuncio/bmw-sire-1-diesel-116d-line-urban-IDJt1qX.html?search_reason=search%7Corganic,BMW Séire 1  Diesel 116d Line Urban,,5,2026-06-21 23:46
BMW,i3 (120,2019.0,78643.0,17650.0,,,,Lousã,Hoje às 15:50,https://www.standvirtual.com/carros/anuncio/bmw-i3-120-ah-ID8Q0BdU.html,BMW i3 (120 Ah),,5,2026-06-21 23:46
BMW,118 i,2020.0,132729.0,17980.0,,,,"Gondomar (São Cosme), Valbom E Jovim",Para o topo hoje às 19:52,https://www.standvirtual.com/carros/anuncio/bmw-118-i-corporate-edition-auto-ID8Q0ADY.html,BMW 118 i Corporate Edition Auto,,5,2026-06-21 23:46
BMW,418 Gran,2015.0,272963.0,16900.0,,,,Covelas,Para o topo hoje às 19:42,https://www.standvirtual.com/carros/anuncio/bmw-418-gran-coup-d-line-sport-auto-ID8Q0eXW.html,BMW 418 Gran Coupé d Line Sport Auto,,5,2026-06-21 23:46
BMW,320d E90,2011.0,308000.0,11900.0,,,,"Aldoar, Foz Do Douro E Nevogilde",Hoje às 15:22,https://www.olx.pt/d/anuncio/bmw-320d-e90-lci-184cv-2011-caixa-manual-IDJt348.html?search_reason=search%7Corganic,BMW 320d E90 LCI | 184cv | 2011 | Caixa Manual,,5,2026-06-21 23:46
BMW,428 i,2013.0,129231.0,31990.0,,,,Trofa,Hoje às 16:46,https://www.standvirtual.com/carros/anuncio/bmw-428-i-xdrive-pack-m-auto-ID8PZgYj.html,BMW 428 i xDrive Pack M Auto,,5,2026-06-21 23:46
BMW,i7 eDrive50,2026.0,1.0,121992.0,,,,Porto Salvo,Para o topo hoje às 22:08,https://www.standvirtual.com/carros/anuncio/bmw-i7-edrive50-ID8PYGG2.html,BMW i7 eDrive50,,5,2026-06-21 23:46
BMW,420d Coupe,2014.0,216000.0,22990.0,,,,"Aver-O-Mar, Amorim E Terroso",Para o topo a 19 de junho de 2026,https://www.olx.pt/d/anuncio/bmw-420d-coupe-auto-look-m4-desde-319-ms-IDJmU6V.html?search_reason=search%7Cpromoted,BMW 420d Coupe Auto Look M4 - Desde 319€ Mês,https://ireland.apollo.olxcdn.com:443/v1/files/z90xsilgstoh-PT/image;s=150x113;q=50,6,2026-06-21 23:46
BMW,116 d,2013.0,274975.0,9400.0,,,,Gonça,Para o topo a 20 de junho de 2026,https://www.standvirtual.com/carros/anuncio/bmw-116-d-efficientdynamics-ID8Q0xsF.html,BMW 116 d EfficientDynamics,https://ireland.apollo.olxcdn.com:443/v1/files/860117el8u4d1-PT/image;s=150x113;q=50,6,2026-06-21 23:46
BMW,E53 X5,2005.0,85000.0,33900.0,,,,Parque das Nações,Hoje às 11:56,https://www.olx.pt/d/anuncio/bmw-e53-x5-4-8is-nacional-IDJ4J5w.html?search_reason=search%7Corganic,BMW E53 X5 4.8iS Nacional,https://ireland.apollo.olxcdn.com:443/v1/files/w47tbe9f5y8h3-PT/image;s=150x113;q=50,6,2026-06-21 23:46
BMW,418 Gran,2016.0,172000.0,24950.0,,,,Frazão Arreigada,Para o topo a 19 de junho de 2026,https://www.standvirtual.com/carros/anuncio/bmw-418-gran-coup-d-aut-m-sport-ID8Q0tVl.html,BMW 418 Gran Coupé d Aut. M Sport,https://ireland.apollo.olxcdn.com:443/v1/files/lg6rdqzfumj72-PT/image;s=150x113;q=50,6,2026-06-21 23:46
BMW,318D F31,2015.0,161000.0,18950.0,,,,Golães,Para o topo a 20 de junho de 2026,https://www.olx.pt/d/anuncio/bmw-318d-f31-pack-m-IDJsej6.html?search_reason=search%7Corganic,BMW 318D F31 Pack M,,6,2026-06-21 23:46
BMW,114 d,2014.0,237801.0,7450.0,,,,Corroios,18 de junho de 2026,https://www.standvirtual.com/carros/anuncio/bmw-114-d-ID8Q0Amc.html,BMW 114 d,,6,2026-06-21 23:46
BMW,330 e,2018.0,110000.0,18900.0,,,,Oeiras,Para o topo a 18 de junho de 2026,https://www.standvirtual.com/carros/anuncio/bmw-330-e-iperformance-line-sport-shadow-ID8Q0lIF.html,BMW 330 e iPerformance Line Sport Shadow,,6,2026-06-21 23:46
BMW,320 d,2008.0,230000.0,6999.0,,,,"Gondomar (São Cosme), Valbom E Jovim",Para o topo a 19 de junho de 2026,https://www.standvirtual.com/carros/anuncio/bmw-320-d-sport-ID8Q0own.html,BMW 320 d Sport,,6,2026-06-21 23:46
BMW,418 Gran,2014.0,165000.0,20890.0,,,,Palmeira,Hoje às 19:41,https://www.standvirtual.com/carros/anuncio/bmw-418-gran-coup-d-pack-m-auto-ID8PZdKc.html,BMW 418 Gran Coupé d Pack M Auto,,6,2026-06-21 23:46
BMW,M2 Auto,2025.0,5500.0,92500.0,,,,Belém,Hoje às 15:41,https://www.standvirtual.com/carros/anuncio/bmw-m2-auto-ID8Q0BdR.html,BMW M2 Auto,,6,2026-06-21 23:46
BMW,Z4 2.0i,2007.0,70000.0,16990.0,,,,Massamá E Monte Abraão,Para o topo a 20 de junho de 2026,https://www.olx.pt/d/anuncio/bmw-z4-2-0i-150cv-apenas-70-000km-IDJh9Os.html?search_reason=search%7Corganic,BMW Z4 2.0i 150cv   |  APENAS  70.000KM,,6,2026-06-21 23:46
BMW,320d M,2013.0,190000.0,16990.0,,,,Nogueira E Silva Escura,Para o topo a 20 de junho de 2026,https://www.olx.pt/d/anuncio/bmw-320d-m-performance-IDJoYx7.html?search_reason=search%7Corganic,Bmw 320d M Performance,,6,2026-06-21 23:46
BMW,520d em,2002.0,311000.0,4500.0,,,,Tomar (São João Baptista) E Santa Maria Dos Olivais,Hoje às 13:09,https://www.olx.pt/d/anuncio/bmw-520d-em-bom-estado-IDJt2rj.html?search_reason=search%7Cpromoted,BMW 520d em bom estado,,6,2026-06-21 23:46
BMW,x1 sdrive,2016.0,79000.0,25000.0,,,,Almancil,Hoje às 21:14,https://www.olx.pt/d/anuncio/bmw-x1-sdrive-2-0-d-pack-m-IDJt5Ll.html?search_reason=search%7Cpromoted,Bmw x1 sdrive 2.0 d pack M,,6,2026-06-21 23:46
BMW,X3,2026.0,1.0,73890.0,,,,Porto Salvo,Para o topo hoje às 22:38,https://www.standvirtual.com/carros/anuncio/bmw-x3-ID8PKh8y.html,BMW X3,,6,2026-06-21 23:46
BMW,420d Coupe,2015.0,225000.0,23490.0,,,,"Aver-O-Mar, Amorim E Terroso",Para o topo a 19 de junho de 2026,https://www.olx.pt/d/anuncio/bmw-420d-coupe-auto-look-m4-desde-325-ms-IDJrnKs.html?search_reason=search%7Corganic,BMW 420d Coupe Auto Look M4 - Desde 325€ Mês,,6,2026-06-21 23:46
BMW,i3 94Ah,2017.0,90296.0,17500.0,,,,"Ovar, São João, Arada E São Vicente De Pereira Jusã",Hoje às 21:21,https://www.standvirtual.com/carros/anuncio/bmw-i3-94ah-exa-comfort-package-advance-ID8Q0oDW.html,BMW i3 94Ah +EXA +Comfort Package Advance,,6,2026-06-21 23:46
BMW,118,2009.0,320000.0,8500.0,,,,Arcozelo,Para o topo hoje às 19:16,https://www.standvirtual.com/carros/anuncio/bmw-118-ID8PXwRn.html,BMW 118,,6,2026-06-21 23:46
BMW,320,2012.0,226829.0,9990.0,,,,Fátima,20 de junho de 2026,https://www.standvirtual.com/carros/anuncio/bmw-320-ID8Q0hJx.html,BMW 320,,6,2026-06-21 23:46
BMW,318d touring,2012.0,276000.0,8750.0,,,,Agualva E Mira-Sintra,20 de junho de 2026,https://www.olx.pt/d/anuncio/bmw-318d-touring-IDJsVwq.html?search_reason=search%7Corganic,BMW 318d touring,,6,2026-06-21 23:46
BMW,X1 16,2019.0,75000.0,20950.0,,,,Brito,Para o topo hoje às 22:14,https://www.standvirtual.com/carros/anuncio/bmw-x1-16-d-sdrive-auto-line-sport-ID8Q0k3o.html,BMW X1 16 d sDrive Auto Line Sport,,6,2026-06-21 23:46
BMW,i3 +Comfort,2015.0,80000.0,13400.0,,,,São Domingos de Rana,Para o topo a 19 de junho de 2026,https://www.standvirtual.com/carros/anuncio/bmw-i3-comfort-package-advance-ID8PN4r2.html,BMW i3 +Comfort Package Advance,,6,2026-06-21 23:46
BMW,118D Sport,2008.0,260000.0,6800.0,,,,"Cedofeita, Santo Ildefonso, Sé, Miragaia, São Nicolau E Vitória",19 de junho de 2026,https://www.olx.pt/d/anuncio/vendo-bmw-118d-sport-IDJsMbv.html?search_reason=search%7Corganic,Vendo BMW 118D Sport,,6,2026-06-21 23:46
BMW,418 Gran,2020.0,79000.0,24750.0,,,,Campanhã,Para o topo hoje às 19:01,https://www.standvirtual.com/carros/anuncio/bmw-418-gran-coup-d-advantage-auto-ID8Q0uky.html,BMW 418 Gran Coupé d Advantage Auto,,6,2026-06-21 23:46
BMW,225xe active,2018.0,166000.0,14250.0,,,,Carcavelos E Parede,Hoje às 12:34,https://www.olx.pt/d/anuncio/bmw-225xe-active-tourer-hbrido-plug-in-IDJpfXq.html?search_reason=search%7Corganic,BMW 225xe active tourer híbrido plug-in,,6,2026-06-21 23:46
Carro,cabrio 220D,2015.0,91100.0,25000.0,,,,Santa Bárbara de Nexe,Para o topo a 20 de junho de 2026,https://www.olx.pt/d/anuncio/carro-cabrio-220d-luxury-IDJsuqJ.html?search_reason=search%7Cpromoted,carro cabrio 220D Luxury,,6,2026-06-21 23:46
BMW,X1 16,2019.0,118000.0,24900.0,,,,Esposende,Para o topo hoje às 19:14,https://www.standvirtual.com/carros/anuncio/bmw-x1-16-d-sdrive-auto-xline-ID8PYtjN.html,BMW X1 16 d sDrive Auto xLine,,6,2026-06-21 23:46
BMW,316 d,2012.0,160000.0,10999.0,,,,Algueirão-Mem Martins,19 de junho de 2026,https://www.olx.pt/d/anuncio/bmw-316-d-financiamento-disponvel-IDJnoSe.html?search_reason=search%7Cpromoted,BMW 316 d | Financiamento disponível,,6,2026-06-21 23:46
BMW,185cv/Correntes Trocadas,2013.0,260000.0,9990.0,,,,"Santa Maria Da Feira, Travanca, Sanfins E Espargo",Para o topo a 20 de junho de 2026,https://www.olx.pt/d/anuncio/reservado-bmw-185cv-correntes-trocadas-IDJhxpy.html?search_reason=search%7Corganic,Reservado Bmw 185cv/Correntes Trocadas,,6,2026-06-21 23:46
BMW,serie 1,2007.0,271000.0,9999.0,,,,Matosinhos E Leça Da Palmeira,Para o topo a 20 de junho de 2026,https://www.olx.pt/d/anuncio/bmw-serie-1-118d-2-0-IDJprjk.html?search_reason=search%7Corganic,Bmw serie 1 118d 2.0,,6,2026-06-21 23:46
BMW,550 i,2011.0,159878.0,29900.0,,,,São Martinho Sande,Para o topo a 19 de junho de 2026,https://www.standvirtual.com/carros/anuncio/bmw-550-i-pack-m-auto-ID8PTqsm.html,BMW 550 i Pack M Auto,,6,2026-06-21 23:46
BMW,545e Xdrive,,140000.0,42900.0,,,,Trofa,19 de junho de 2026,https://www.olx.pt/d/anuncio/bmw-545e-xdrive-fullextras-IDJsMvr.html?search_reason=search%7Corganic,BMW 545e Xdrive FullExtras,,6,2026-06-21 23:46
BMW,530e luxury,2019.0,146000.0,22900.0,,,,"Almada, Cova Da Piedade, Pragal E Cacilhas",19 de junho de 2026,https://www.olx.pt/d/anuncio/bmw-530e-luxury-line-facelift-IDJphUr.html?search_reason=search%7Corganic,Bmw 530e  luxury Line Facelift,,6,2026-06-21 23:46
BMW,iX3 M,2022.0,74000.0,40550.0,,,,"Custóias, Leça Do Balio E Guifões",Para o topo hoje às 19:08,https://www.standvirtual.com/carros/anuncio/bmw-ix3-m-sport-impressive-ID8Q0A2m.html,BMW iX3 M Sport Impressive,,6,2026-06-21 23:46
BMW,120 d,2015.0,187000.0,15900.0,,,,Rio de Mouro,Para o topo a 19 de junho de 2026,https://www.standvirtual.com/carros/anuncio/bmw-120-d-edition-m-sport-shadow-ID8Q0uKE.html,BMW 120 d Edition M Sport Shadow,,6,2026-06-21 23:46
BMW,328 i,2012.0,175105.0,29990.0,,,,Trofa,Hoje às 16:46,https://www.standvirtual.com/carros/anuncio/bmw-328-i-auto-pack-m-ID8PZgUH.html,BMW 328 i Auto Pack M,,6,2026-06-21 23:46
BMW,420D Coupe,2015.0,,21999.0,,,,Espinho,Para o topo a 20 de junho de 2026,https://www.olx.pt/d/anuncio/bmw-420d-coupe-m-performance-IDJrOYn.html?search_reason=search%7Corganic,Bmw 420D Coupe M Performance,,6,2026-06-21 23:46
BMW,520d Touring,2006.0,330000.0,5990.0,,,,Massamá E Monte Abraão,Para o topo a 20 de junho de 2026,https://www.olx.pt/d/anuncio/bmw-520d-touring-163cv-IDJ1tUB.html?search_reason=search%7Corganic,Bmw 520d Touring 163cv,,6,2026-06-21 23:46
BMW,520 d,2023.0,72000.0,34750.0,,,,Campanhã,Para o topo a 20 de junho de 2026,https://www.standvirtual.com/carros/anuncio/bmw-520-d-auto-ID8PZOIb.html,BMW 520 d Auto,,6,2026-06-21 23:46
BMW,320 d,2013.0,250300.0,12700.0,,,,Urgezes,Para o topo hoje às 13:25,https://www.standvirtual.com/carros/anuncio/bmw-320-d-ed-line-sport-ID8Q0ztX.html,BMW 320 d ED Line Sport,,6,2026-06-21 23:46
BMW,118 d,2011.0,231200.0,13500.0,,,,Baguim do Monte,Para o topo hoje às 10:11,https://www.standvirtual.com/carros/anuncio/bmw-118-d-cabrio-ID8Q0ug1.html,BMW 118 d Cabrio,,6,2026-06-21 23:46
BMW,323 Ci,2000.0,194348.0,14250.0,,,,São Victor,Para o topo a 20 de junho de 2026,https://www.standvirtual.com/carros/anuncio/bmw-323-ci-ID8Q0vbo.html,BMW 323 Ci,,6,2026-06-21 23:46
BMW,840 d,2021.0,74000.0,67500.0,,,,Porto de Mós,Hoje às 09:41,https://www.standvirtual.com/carros/anuncio/bmw-840-d-xdrive-pack-m-pro-ID8PZVNI.html,BMW 840 d xDrive Pack M Pro,,6,2026-06-21 23:46
BMW,116 d,2016.0,190000.0,16900.0,,,,Ramada E Caneças,Para o topo hoje às 22:24,https://www.standvirtual.com/carros/anuncio/bmw-116-d-aut-edition-m-sport-shadow-ID8PZ5VE.html,BMW 116 d Aut. Edition M Sport Shadow,,6,2026-06-21 23:46
BMW,318 d,2018.0,119000.0,16500.0,,,,Alvalade,Para o topo a 19 de junho de 2026,https://www.standvirtual.com/carros/anuncio/bmw-318-d-auto-ID8Q0v0X.html,BMW 318 d Auto,,6,2026-06-21 23:46
BMW,M2 Auto,2024.0,13900.0,73999.0,,,,Viana do Castelo,Para o topo a 20 de junho de 2026,https://www.standvirtual.com/carros/anuncio/bmw-m2-auto-ID8Q0vWQ.html,BMW M2 Auto,,6,2026-06-21 23:46
BMW,218 Gran,2021.0,132260.0,23900.0,,,,Massamá E Monte Abraão,Para o topo hoje às 22:18,https://www.standvirtual.com/carros/anuncio/bmw-218-gran-coup-i-m-sport-ID8PZ9i6.html,BMW 218 Gran Coupé i M Sport,,6,2026-06-21 23:46
BMW,X5 50,2026.0,1.0,110700.0,,,,Porto Salvo,Para o topo hoje às 22:10,https://www.standvirtual.com/carros/anuncio/bmw-x5-50-e-xdrive-pack-ID8PYGFQ.html,BMW X5 50 e xDrive Pack,,6,2026-06-21 23:46
BMW,serie 1,2005.0,282000.0,5500.0,,,,Samora Correia,Hoje às 17:30,https://www.olx.pt/d/anuncio/bmw-serie-1-118d-m47-IDJt3yw.html?search_reason=search%7Corganic,Bmw serie 1 118D M47,,6,2026-06-21 23:46
BMW,320d touring,2000.0,151685.0,4500.0,,,,Alcochete,Para o topo a 19 de junho de 2026,https://www.olx.pt/d/anuncio/bmw-320d-touring-IDJrJE3.html?search_reason=search%7Cpromoted,BMW 320d touring,https://ireland.apollo.olxcdn.com:443/v1/files/mgw8u2x8h5dt1-PT/image;s=150x200;q=50,7,2026-06-21 23:46
BMW,216 Gran,2023.0,50247.0,33900.0,,,,Benedita,Para o topo hoje às 10:46,https://www.standvirtual.com/carros/anuncio/bmw-216-gran-coup-d-pack-desportivo-m-ID8Q0qnv.html,BMW 216 Gran Coupé d Pack Desportivo M,https://ireland.apollo.olxcdn.com:443/v1/files/3z4bu7pex2yc-PT/image;s=159x106;q=50,7,2026-06-21 23:46
BMW,225xe Active,2021.0,64250.0,21400.0,,,,Mafra,Para o topo hoje às 09:51,https://www.standvirtual.com/carros/anuncio/bmw-225xe-active-tourer-advantage-ID8PXmBO.html,BMW 225xe Active Tourer Advantage,https://ireland.apollo.olxcdn.com:443/v1/files/09wn4qijtl593-PT/image;s=159x106;q=50,7,2026-06-21 23:46
BMW,320d 150cv,2002.0,350000.0,3950.0,,,,Santa Clara,Hoje às 22:25,https://www.olx.pt/d/anuncio/vendo-minha-bmw-320d-150cv-2002-IDJt6lK.html?search_reason=search%7Corganic,Vendo minha bmw 320d 150cv 2002,https://ireland.apollo.olxcdn.com:443/v1/files/odlyrc0k9hyg3-PT/image;s=150x199;q=50,7,2026-06-21 23:46
BMW,x1 sdrive,2016.0,79000.0,25000.0,,,,Almancil,Hoje às 21:14,https://www.olx.pt/d/anuncio/bmw-x1-sdrive-2-0-d-pack-m-IDJt5Ll.html?search_reason=search%7Corganic,Bmw x1 sdrive 2.0 d pack M,,7,2026-06-21 23:46
BMW,G21. 316d,2021.0,177000.0,21500.0,,,,Rebordosa,Hoje às 08:54,https://www.olx.pt/d/anuncio/bmw-g21-316d-mid-hybrid-2021-IDJsYUj.html?search_reason=search%7Corganic,Bmw G21. 316d mid hybrid  2021,,7,2026-06-21 23:46
BMW,7.30 em,2008.0,298700.0,13500.0,,,,"Enxara Do Bispo, Gradil E Vila Franca Do Rosário",19 de junho de 2026,https://www.olx.pt/d/anuncio/bmw-7-30-em-timo-estado-IDJsMtK.html?search_reason=search%7Corganic,BMW 7.30 em ótimo estado,,7,2026-06-21 23:46
BMW,525 dA,2005.0,309697.0,6950.0,,,,Queluz E Belas,Para o topo a 20 de junho de 2026,https://www.standvirtual.com/carros/anuncio/bmw-525-da-ID8PZ2xG.html,BMW 525 dA,,7,2026-06-21 23:46
BMW,X3 30,2020.0,96307.0,31500.0,,,,Martim,Para o topo a 20 de junho de 2026,https://www.standvirtual.com/carros/anuncio/bmw-x3-30-e-xdrive-xline-ID8Q0xWe.html,BMW X3 30 e xDrive xLine,,7,2026-06-21 23:46
BMW,M240i xDrive,2023.0,22000.0,58999.0,,,,Alfeizerão,Para o topo a 19 de junho de 2026,https://www.standvirtual.com/carros/anuncio/bmw-m240i-xdrive-pack-desportivo-m-pro-auto-ID8Q0vB4.html,BMW M240i xDrive Pack Desportivo M Pro Auto,,7,2026-06-21 23:46
BMW,Z4 35i,2010.0,77000.0,29800.0,,,,Santo António dos Olivais,Para o topo a 20 de junho de 2026,https://www.olx.pt/d/anuncio/bmw-z4-35i-306cv-biturbo-nacional-manual-IDJhbQt.html?search_reason=search%7Corganic,BMW Z4 35i 306cv biturbo NACIONAL Manual,,7,2026-06-21 23:46
BMW,116 d,2022.0,50500.0,26900.0,,,,Faro (Sé E São Pedro),Para o topo hoje às 16:45,https://www.standvirtual.com/carros/anuncio/bmw-116-d-pack-desportivo-m-ID8Q0zWw.html,BMW 116 d Pack Desportivo M,,7,2026-06-21 23:46
BMW,218 Gran,2021.0,121584.0,25500.0,,,,Silveiros E Rio Covo (Santa Eulália),Para o topo a 19 de junho de 2026,https://www.standvirtual.com/carros/anuncio/bmw-218-gran-coup-i-pack-desportivo-m-ID8PZ9ln.html,BMW 218 Gran Coupé i Pack Desportivo M,,7,2026-06-21 23:46
BMW,X5 M50d,2014.0,300400.0,34999.0,,,,São Clemente,Para o topo a 20 de junho de 2026,https://www.olx.pt/d/anuncio/bmw-x5-m50d-impecavel-IDJshCk.html?search_reason=search%7Cpromoted,BMW X5 M50d impecavel,,7,2026-06-21 23:46
BMW,X2 16,2019.0,165048.0,22790.0,,,,Silvares,Hoje às 20:20,https://www.standvirtual.com/carros/anuncio/bmw-x2-16-d-sdrive-auto-pack-m-ID8Q0mZi.html,BMW X2 16 d sDrive Auto Pack M,,7,2026-06-21 23:46
BMW,116 i,2014.0,103000.0,12000.0,,,,Lisboa,Para o topo a 18 de junho de 2026,https://www.standvirtual.com/carros/anuncio/bmw-116-i-pack-m-ID8PZ3V5.html,BMW 116 i Pack M,,7,2026-06-21 23:46
BMW,216 Gran,2016.0,198000.0,9990.0,,,,Laranjeiro E Feijó,18 de junho de 2026,https://www.standvirtual.com/carros/anuncio/bmw-216-gran-tourer-d-aut-sport-line-ID8Q0Akk.html,BMW 216 Gran Tourer d Aut. Sport Line,,7,2026-06-21 23:46
BMW,335i Manual,2006.0,181000.0,24999.0,,,,"Silvares, Pias, Nogueira E Alvarenga",Para o topo a 20 de junho de 2026,https://www.olx.pt/d/anuncio/bmw-335i-manual-IDJqzDI.html?search_reason=search%7Corganic,BMW 335i Manual,,7,2026-06-21 23:46
BMW,118 d,2010.0,134000.0,15950.0,,,,Fânzeres E São Pedro Da Cova,Para o topo a 20 de junho de 2026,https://www.standvirtual.com/carros/anuncio/bmw-118-d-cabrio-auto-ID8Q0uRa.html,BMW 118 d Cabrio Auto,,7,2026-06-21 23:46
BMW,116 d,2016.0,178500.0,12900.0,,,,Fafe,Hoje às 16:21,https://www.standvirtual.com/carros/anuncio/bmw-116-d-efficientdynamics-edition-sport-line-ID8PZc8n.html,BMW 116 d EfficientDynamics Edition Sport Line,,7,2026-06-21 23:46
BMW,330 e,2022.0,34000.0,37500.0,,,,Aveiro,Para o topo a 20 de junho de 2026,https://www.standvirtual.com/carros/anuncio/bmw-330-e-aut-m-sport-ID8Q0ytn.html,BMW 330 e Aut. M Sport,,7,2026-06-21 23:46
BMW,M135i xDrive,2013.0,148000.0,23500.0,,,,Rio de Mouro,Para o topo a 20 de junho de 2026,https://www.standvirtual.com/carros/anuncio/bmw-m135i-xdrive-ID8PXEqy.html,BMW M135i xDrive,,7,2026-06-21 23:46
BMW,116d Advantage,2020.0,83000.0,18500.0,,,,Cadaval E Pêro Moniz,19 de junho de 2026,https://www.olx.pt/d/anuncio/bmw-116d-advantage-corporate-edition-de-2020-IDJl8Ep.html?search_reason=search%7Corganic,BMW 116d Advantage Corporate Edition  de 2020,,7,2026-06-21 23:46
BMW,i3 Rex,2014.0,160000.0,12500.0,,,,S. João Da Madeira,Para o topo hoje às 19:33,https://www.olx.pt/d/anuncio/bmw-i3-rex-2014-full-extras-IDJ2lhq.html?search_reason=search%7Corganic,BMW i3 Rex 2014 • FULL Extras,,7,2026-06-21 23:46
BMW,E92 320D,2007.0,257500.0,13300.0,,,,Pombal,Para o topo a 19 de junho de 2026,https://www.olx.pt/d/anuncio/bmw-e92-320d-nacional-IDJq8yc.html?search_reason=search%7Cpromoted,BMW E92 320D Nacional,,7,2026-06-21 23:46
BMW,430 i,2024.0,19000.0,64900.0,,,,Caparica E Trafaria,Para o topo a 17 de junho de 2026,https://www.standvirtual.com/carros/anuncio/bmw-430-i-xdrive-pack-desportivo-m-pro-auto-ID8Q0n2D.html,BMW 430 i xDrive Pack Desportivo M Pro Auto,,7,2026-06-21 23:46
BMW,520d Auto,2010.0,304000.0,10350.0,,,,Vila Nova De Famalicão E Calendário,Para o topo hoje às 16:54,https://www.olx.pt/d/anuncio/bmw-520d-auto-2010-nacional-IDJnItU.html?search_reason=search%7Cpromoted,BMW 520d Auto 2010 Nacional,,7,2026-06-21 23:46
BMW,320D Coupé,2007.0,290000.0,10750.0,,,,São João Das Lampas E Terrugem,Para o topo a 20 de junho de 2026,https://www.olx.pt/d/anuncio/bmw-320d-coup-automtico-sport-pack-m-nacional-selo-antigo-IDJkcyp.html?search_reason=search%7Corganic,BMW 320D Coupé | Automático // Sport Pack M - NACIONAL - SELO ANTIGO,,7,2026-06-21 23:46
BMW,120D coupe,2009.0,207000.0,9750.0,,,,Grijó E Sermonde,19 de junho de 2026,https://www.olx.pt/d/anuncio/bmw-120d-coupe-pack-m-177hp-e82-IDJsIKl.html?search_reason=search%7Corganic,BMW 120D coupe Pack M 177hp E82,,7,2026-06-21 23:46
BMW,X6 35,2008.0,157944.0,24900.0,,,,Covelas,Para o topo hoje às 18:48,https://www.standvirtual.com/carros/anuncio/bmw-x6-35-d-xdrive-ID8PNGf7.html,BMW X6 35 d xDrive,,7,2026-06-21 23:46
BMW,316 ti,2003.0,230000.0,3850.0,,,,Buarcos,Hoje às 23:16,https://www.standvirtual.com/carros/anuncio/bmw-316-ti-ID8Q0Bjx.html,BMW 316 ti,,7,2026-06-21 23:46
BMW,530 d,2019.0,115000.0,31990.0,,,,"Enxara Do Bispo, Gradil E Vila Franca Do Rosário",Hoje às 02:12,https://www.standvirtual.com/carros/anuncio/bmw-530-d-pack-m-auto-ID8Q0B9Y.html,BMW 530 d Pack M Auto,,7,2026-06-21 23:46
BMW,520 d,2016.0,228566.0,14750.0,,,,Maia,20 de junho de 2026,https://www.standvirtual.com/carros/anuncio/bmw-520-d-line-luxury-auto-ID8Q0B2J.html,BMW 520 d Line Luxury Auto,,7,2026-06-21 23:46
BMW,318 d,2013.0,150002.0,15990.0,,,,Marco,Para o topo hoje às 19:04,https://www.standvirtual.com/carros/anuncio/bmw-318-d-line-sport-ID8Q0Aot.html,BMW 318 d Line Sport,,7,2026-06-21 23:46
BMW,320 d,2014.0,187958.0,18990.0,,,,Braga,Para o topo a 20 de junho de 2026,https://www.standvirtual.com/carros/anuncio/bmw-320-d-auto-pack-m-ID8Q0uhC.html,BMW 320 d Auto Pack M,,7,2026-06-21 23:46
BMW,X6 35,2008.0,273648.0,19900.0,,,,"Santa Iria De Azoia, São João Da Talha E Bobadela",Para o topo hoje às 20:45,https://www.standvirtual.com/carros/anuncio/bmw-x6-35-d-xdrive-ID8PVYde.html,BMW X6 35 d xDrive,,7,2026-06-21 23:46
BMW,520 d,2017.0,199000.0,19999.0,,,,Cortegaça,Para o topo a 20 de junho de 2026,https://www.standvirtual.com/carros/anuncio/bmw-520-d-line-luxury-ID8Q0z4n.html,BMW 520 d Line Luxury,,7,2026-06-21 23:46
BMW,520D 163cv,2006.0,320000.0,4750.0,,,,Vila Franca de Xira,Para o topo a 16 de junho de 2026,https://www.olx.pt/d/anuncio/bmw-520d-163cv-e61-IDJqnJe.html?search_reason=search%7Cpromoted,Bmw 520D 163cv E61,,7,2026-06-21 23:46
BMW,116 i,2022.0,69000.0,21980.0,,,,Mina De Água,Para o topo a 19 de junho de 2026,https://www.standvirtual.com/carros/anuncio/bmw-116-i-advantage-ID8PVcqG.html,BMW 116 i Advantage,,7,2026-06-21 23:46
BMW,318 d,2014.0,214622.0,12950.0,,,,"Vila Nova De Paiva, Alhais E Fráguas",Para o topo hoje às 18:36,https://www.standvirtual.com/carros/anuncio/bmw-318-d-navigation-sport-ID8PZ7bl.html,BMW 318 d Navigation Sport,,7,2026-06-21 23:46
BMW,320 d,2009.0,260000.0,19750.0,,,,Ribeirão,Para o topo hoje às 20:42,https://www.standvirtual.com/carros/anuncio/bmw-320-d-dpf-ID8Q0nvT.html,BMW 320 d DPF,,7,2026-06-21 23:46
BMW,M4 DKG,2014.0,94100.0,50990.0,,,,Aveleda,Para o topo a 19 de junho de 2026,https://www.standvirtual.com/carros/anuncio/bmw-m4-dkg-ID8PXfFl.html,BMW M4 DKG,,7,2026-06-21 23:46
BMW,i3 (94,2017.0,91000.0,15490.0,,,,Corroios,Para o topo a 19 de junho de 2026,https://www.standvirtual.com/carros/anuncio/bmw-i3-94-ah-ID8Q0vBq.html,BMW i3 (94 Ah),,7,2026-06-21 23:46
BMW,X1 18,2018.0,145675.0,19500.0,,,,Massamá E Monte Abraão,Para o topo hoje às 23:25,https://www.standvirtual.com/carros/anuncio/bmw-x1-18-i-sdrive-auto-ID8PY6ky.html,BMW X1 18 i sDrive Auto,,7,2026-06-21 23:46
BMW,X6 40,2010.0,212074.0,23000.0,,,,"Santa Iria De Azoia, São João Da Talha E Bobadela",Para o topo a 19 de junho de 2026,https://www.standvirtual.com/carros/anuncio/bmw-x6-40-d-xdrive-ID8Q0xpc.html,BMW X6 40 d xDrive,,7,2026-06-21 23:46
BMW,X5 25,2015.0,239039.0,20999.0,,,,Alcobaça,Hoje às 13:52,https://www.standvirtual.com/carros/anuncio/bmw-x5-25-d-sdrive-comfort-7l-ID8PZreO.html,BMW X5 25 d sDrive Comfort 7L,,7,2026-06-21 23:46
BMW,535d M5,2005.0,278000.0,15400.0,,,,"Esposende, Marinhas E Gandra",20 de junho de 2026,https://www.olx.pt/d/anuncio/bmw-535d-m5-pack-m-iuc-antigo-mecnica-imaculada-IDJmgQh.html?search_reason=search%7Corganic,BMW 535d M5 Pack M IUC Antigo Mecânica Imaculada,,7,2026-06-21 23:46
BMW,"120, Sport,",2008.0,304000.0,6990.0,,,,Esgueira,Para o topo a 20 de junho de 2026,https://www.olx.pt/d/anuncio/bmw-120-sport-2-0cc-177cv-muito-boa-condio-IDJsyzO.html?search_reason=search%7Corganic,"BMW 120, Sport, 2.0cc, 177cv, Muito Boa Condição!",,7,2026-06-21 23:46
BMW,320d 200cv,2009.0,410000.0,3500.0,,,,Ericeira,19 de junho de 2026,https://www.olx.pt/d/anuncio/bmw-320d-200cv-2009-jantes-19-ler-anncio-com-avaria-IDJiGBX.html?search_reason=search%7Corganic,"BMW 320d 200cv (2009) - Jantes 19"" - Ler Anúncio (Com Avaria)",,7,2026-06-21 23:46
BMW,330 e,2020.0,84157.0,24950.0,,,,"Algés, Linda-A-Velha E Cruz Quebrada-Dafundo",Para o topo a 20 de junho de 2026,https://www.standvirtual.com/carros/anuncio/bmw-330-e-auto-ID8Q0uIe.html,BMW 330 e Auto,,7,2026-06-21 23:46
BMW,318D -,2014.0,97000.0,13750.0,,,,Falagueira-Venda Nova,Para o topo a 19 de junho de 2026,https://www.olx.pt/d/anuncio/bmw-318d-s-97-000-quilmetros-comprovveis-IDJpI1q.html?search_reason=search%7Cpromoted,Bmw 318D - Só 97.000 quilómetros comprováveis,https://ireland.apollo.olxcdn.com:443/v1/files/su2xomd4y7273-PT/image;s=150x113;q=50,8,2026-06-21 23:46
BMW,325 Ci,2002.0,192776.0,19990.0,,,,Rio Tinto,Para o topo hoje às 17:26,https://www.standvirtual.com/carros/anuncio/bmw-325-ci-ID8Q0yGM.html,BMW 325 Ci,https://ireland.apollo.olxcdn.com:443/v1/files/kiqkor6xsju11-PT/image;s=150x112;q=50,8,2026-06-21 23:46
BMW,420 Gran,2023.0,89850.0,39990.0,,,,Silvares,Para o topo a 20 de junho de 2026,https://www.standvirtual.com/carros/anuncio/bmw-420-gran-coup-d-pack-50-anos-m-auto-ID8Q0rCe.html,BMW 420 Gran Coupé d Pack 50 anos M Auto,https://ireland.apollo.olxcdn.com:443/v1/files/m606r5q2l3wk2-PT/image;s=150x113;q=50,8,2026-06-21 23:46
BMW,218 Active,2015.0,183222.0,13900.0,,,,Massamá E Monte Abraão,Para o topo hoje às 23:22,https://www.standvirtual.com/carros/anuncio/bmw-218-active-tourer-d-advantage-ID8Q0sQs.html,BMW 218 Active Tourer d Advantage,https://ireland.apollo.olxcdn.com:443/v1/files/b97f7h9n42x9-PT/image;s=150x112;q=50,8,2026-06-21 23:46
BMW,430 Gran,2016.0,101735.0,34990.0,,,,Trofa,Para o topo hoje às 21:26,https://www.standvirtual.com/carros/anuncio/bmw-430-gran-coup-i-xdrive-p-m-auto-ID8PZU2S.html,BMW 430 Gran Coupé i xDrive P.M Auto,https://ireland.apollo.olxcdn.com:443/v1/files/akzak9wtk3ou2-PT/image;s=150x113;q=50,8,2026-06-21 23:46
BMW,318 d,2016.0,82000.0,20000.0,,,,Agualva E Mira-Sintra,Para o topo hoje às 21:58,https://www.standvirtual.com/carros/anuncio/bmw-318-d-pack-m-ID8Q0iCy.html,BMW 318 d Pack M,,8,2026-06-21 23:46
BMW,320 d,2008.0,313147.0,6900.0,,,,Parque das Nações,Para o topo a 20 de junho de 2026,https://www.standvirtual.com/carros/anuncio/bmw-320-d-auto-ID8Q0xHN.html,BMW 320 d Auto,,8,2026-06-21 23:46
BMW,118 d,2013.0,261852.0,8750.0,,,,"Arcos De Valdevez (Salvador), Vila Fonche E Parada",Para o topo a 20 de junho de 2026,https://www.standvirtual.com/carros/anuncio/bmw-118-d-line-sport-ID8Q0zb4.html,BMW 118 d Line Sport,,8,2026-06-21 23:46
BMW,X2 18,2018.0,72487.0,23450.0,,,,Marvila,Para o topo a 19 de junho de 2026,https://www.standvirtual.com/carros/anuncio/bmw-x2-18-i-sdrive-auto-advantage-ID8Q0x2B.html,BMW X2 18 i sDrive Auto Advantage,,8,2026-06-21 23:46
BMW,X3 20,2015.0,269000.0,12700.0,,,,Santo Antão E São Julião Do Tojal,19 de junho de 2026,https://www.standvirtual.com/carros/anuncio/bmw-x3-20-d-xdrive-pack-m-auto-ID8Q0APl.html,BMW X3 20 d xDrive Pack M Auto,,8,2026-06-21 23:46
BMW,520 D,2012.0,304000.0,9000.0,,,,Ílhavo (São Salvador),20 de junho de 2026,https://www.olx.pt/d/anuncio/bmw-520-d-de-02-12-IDJjdqC.html?search_reason=search%7Corganic,BMW 520 D DE 02/12,,8,2026-06-21 23:46
BMW,320 d,2012.0,189508.0,17990.0,,,,Fânzeres E São Pedro Da Cova,Para o topo hoje às 10:45,https://www.standvirtual.com/carros/anuncio/bmw-320-d-sport-line-ID8Q0lGU.html,BMW 320 d Sport Line,,8,2026-06-21 23:46
BMW,X3 30,2025.0,20500.0,62900.0,,,,Urgezes,Para o topo hoje às 15:25,https://www.standvirtual.com/carros/anuncio/bmw-x3-30-e-xdrive-pack-m-desportivo-ID8Q0AgM.html,BMW X3 30 e xDrive Pack M Desportivo,,8,2026-06-21 23:46
BMW,328i F30,,193000.0,17500.0,,,,Viseu,Para o topo a 17 de junho de 2026,https://www.olx.pt/d/anuncio/bmw-328i-f30-pack-luxury-IDIZidk.html?search_reason=search%7Cpromoted,BMW 328i F30 Pack LUXURY,,8,2026-06-21 23:46
BMW,418 d,2017.0,193500.0,18000.0,,,,Viana do Castelo,Hoje às 11:48,https://www.standvirtual.com/carros/anuncio/bmw-418-d-pack-m-ID8Q0BbX.html,BMW 418 d Pack M,,8,2026-06-21 23:46
BMW,X3 20,2010.0,217000.0,15400.0,,,,Maia,Para o topo a 19 de junho de 2026,https://www.standvirtual.com/carros/anuncio/bmw-x3-20-d-xdrive-auto-ID8Q0eB0.html,BMW X3 20 d xDrive Auto,,8,2026-06-21 23:46
BMW,330 i,2018.0,112000.0,36689.0,,,,Lamego,Para o topo a 18 de junho de 2026,https://www.standvirtual.com/carros/anuncio/bmw-330-i-pack-m-auto-ID8Q0iRO.html,BMW 330 i Pack M Auto,,8,2026-06-21 23:46
BMW,318 d,2019.0,165000.0,21500.0,,,,Vila Verde,Para o topo a 19 de junho de 2026,https://www.standvirtual.com/carros/anuncio/bmw-318-d-line-sport-auto-ID8PYEVP.html,BMW 318 d Line Sport Auto,,8,2026-06-21 23:46
BMW,420 d,2014.0,215700.0,22990.0,,,,Merelim (São Pedro) E Frossos,Para o topo a 20 de junho de 2026,https://www.standvirtual.com/carros/anuncio/bmw-420-d-pack-m-auto-ID8PXDJG.html,BMW 420 d Pack M Auto,,8,2026-06-21 23:46
Volkswagen,T ROC,2016.0,23000.0,26000.0,,,,Espinho,20 de junho de 2026,https://www.olx.pt/d/anuncio/vw-t-roc-23000-km-1-dono-IDJslsR.html?search_reason=search%7Corganic,VW T ROC 23000 km 1 dono,,8,2026-06-21 23:46
BMW,e90 320d,2005.0,359000.0,6500.0,,,,Ermesinde,Hoje às 12:25,https://www.olx.pt/d/anuncio/bmw-e90-320d-sedan-IDJt1YO.html?search_reason=search%7Corganic,BMW e90 320d Sedan,,8,2026-06-21 23:46
BMW,520 d,2017.0,64941.0,28990.0,,,,Laranjeiro E Feijó,Hoje às 21:06,https://www.standvirtual.com/carros/anuncio/bmw-520-d-xdrive-aut-m-sport-edition-ID8Q0zym.html,BMW 520 d xDrive Aut. M Sport Edition,,8,2026-06-21 23:46
BMW,118 d,2015.0,179658.0,15999.0,,,,Gafanha Da Encarnação,Para o topo a 19 de junho de 2026,https://www.standvirtual.com/carros/anuncio/bmw-118-d-m-sport-ID8Q0x2J.html,BMW 118 d M Sport,,8,2026-06-21 23:46
BMW,XM 50e,2026.0,1.0,155540.0,,,,Porto Salvo,Para o topo hoje às 22:08,https://www.standvirtual.com/carros/anuncio/bmw-xm-50e-ID8PYGGk.html,BMW XM 50e,,8,2026-06-21 23:46
BMW,118 d,2011.0,191000.0,10750.0,,,,Cervães,Para o topo hoje às 11:02,https://www.standvirtual.com/carros/anuncio/bmw-118-d-pack-m-ID8PZWLj.html,BMW 118 d Pack M,,8,2026-06-21 23:46
BMW,320d Touring,2008.0,244000.0,8400.0,,,,Corroios,06 de junho de 2026,https://www.olx.pt/d/anuncio/bmw-320d-touring-177cv-nacional-excelente-estado-IDJnGX6.html?search_reason=search%7Cpromoted,BMW 320d Touring 177cv Nacional - Excelente estado,,8,2026-06-21 23:46
BMW,120 dA,2012.0,190342.0,15000.0,,,,Barcarena,Para o topo hoje às 18:29,https://www.standvirtual.com/carros/anuncio/bmw-120-da-line-sport-ID8Q0w7s.html,BMW 120 dA Line Sport,,8,2026-06-21 23:46
BMW,X1 18,2016.0,179000.0,17500.0,,,,Maia,Para o topo a 19 de junho de 2026,https://www.standvirtual.com/carros/anuncio/bmw-x1-18-d-sdrive-auto-line-sport-ID8Q0ybu.html,BMW X1 18 d sDrive Auto Line Sport,,8,2026-06-21 23:46
BMW,X2 25,2021.0,51291.0,24980.0,,,,Queluz E Belas,Para o topo hoje às 21:25,https://www.standvirtual.com/carros/anuncio/bmw-x2-25-e-xdrive-advantage-ID8Q0AT6.html,BMW X2 25 e xDrive Advantage,,8,2026-06-21 23:46
BMW,X6 30,2010.0,267000.0,17000.0,,,,Barreiro E Lavradio,Hoje às 09:23,https://www.olx.pt/d/anuncio/bmw-x6-30-d-xdrive-IDJt0Xk.html?search_reason=search%7Corganic,BMW X6 30 d xDrive,,8,2026-06-21 23:46
BMW,420 d,2014.0,190000.0,23500.0,,,,Ribeirão,Para o topo a 20 de junho de 2026,https://www.standvirtual.com/carros/anuncio/bmw-420-d-pack-m-ID8Q0xOG.html,BMW 420 d Pack M,,8,2026-06-21 23:46
BMW,520 d,2018.0,174000.0,23750.0,,,,Aldão,20 de junho de 2026,https://www.standvirtual.com/carros/anuncio/bmw-520-d-pack-m-auto-ID8Q0v9T.html,BMW 520 d Pack M Auto,,8,2026-06-21 23:46
BMW,118d Edition,2017.0,99600.0,16990.0,,,,"Real, Dume E Semelhe",Para o topo a 19 de junho de 2026,https://www.olx.pt/d/anuncio/bmw-118d-edition-m-sport-shadow-IDJjJ7E.html?search_reason=search%7Corganic,BMW 118d Edition M Sport Shadow,,8,2026-06-21 23:46
BMW,X1 SDrive,2017.0,165000.0,14900.0,,,,Sendim,20 de junho de 2026,https://www.olx.pt/d/anuncio/bmw-x1-sdrive-16d-IDJsWsC.html?search_reason=search%7Corganic,Bmw X1 SDrive 16d,,8,2026-06-21 23:46
BMW,118 d,2011.0,179000.0,15990.0,,,,Pedroso E Seixezelo,20 de junho de 2026,https://www.standvirtual.com/carros/anuncio/bmw-118-d-limited-edition-lifestyle-c-m-sport-pack-ID8Q0vhF.html,BMW 118 d Limited Edition Lifestyle c/ M Sport Pack,,8,2026-06-21 23:46
BMW,X2 16,2019.0,133027.0,25900.0,,,,Rans,Hoje às 17:30,https://www.standvirtual.com/carros/anuncio/bmw-x2-16-d-sdrive-pack-m-ID8Q0i2b.html,BMW X2 16 d sDrive Pack M,,8,2026-06-21 23:46
BMW,e92 325i,,,6000.0,,,,"Almargem Do Bispo, Pêro Pinheiro E Montelavar",Para o topo a 19 de junho de 2026,https://www.olx.pt/d/anuncio/bmw-e92-325i-convertido-IDIL2yb.html?search_reason=search%7Cpromoted,Bmw e92 325i convertido,,8,2026-06-21 23:46
BMW,X1 18,2011.0,202486.0,10850.0,,,,Tamel (São Veríssimo),Para o topo hoje às 15:03,https://www.standvirtual.com/carros/anuncio/bmw-x1-18-d-sdrive-ID8PXgM3.html,BMW X1 18 d sDrive,,8,2026-06-21 23:46
BMW,116 i,2017.0,148000.0,11900.0,,,,Matosinhos E Leça Da Palmeira,Para o topo a 20 de junho de 2026,https://www.standvirtual.com/carros/anuncio/bmw-116-i-line-sport-ID8Q0lTS.html,BMW 116 i Line Sport,,8,2026-06-21 23:46
BMW,320 d,2016.0,167900.0,19700.0,,,,Viseu,Para o topo a 20 de junho de 2026,https://www.standvirtual.com/carros/anuncio/bmw-320-d-auto-pack-m-ID8Q0ueM.html,BMW 320 d Auto Pack M,,8,2026-06-21 23:46
BMW,Serie 1,2012.0,110000.0,11299.0,,,,Belém,19 de junho de 2026,https://www.olx.pt/d/anuncio/bmw-serie-1-116d-IDJsIYu.html?search_reason=search%7Corganic,BMW Serie 1 116d,,8,2026-06-21 23:46
BMW,530 d,2010.0,418169.0,9990.0,,,,Palmeira,Para o topo a 20 de junho de 2026,https://www.standvirtual.com/carros/anuncio/bmw-530-d-auto-ID8Q0l6X.html,BMW 530 d Auto,,8,2026-06-21 23:46
BMW,520 d,2016.0,165867.0,17990.0,,,,Barreiro,Para o topo a 20 de junho de 2026,https://www.standvirtual.com/carros/anuncio/bmw-520-d-line-luxury-ID8Q0jEx.html,BMW 520 d Line Luxury,,8,2026-06-21 23:46
BMW,X1 16,2017.0,178897.0,16890.0,,,,Moure,Hoje às 10:58,https://www.standvirtual.com/carros/anuncio/bmw-x1-16-d-sdrive-line-sport-ID8Q0hBb.html,BMW X1 16 d sDrive Line Sport,,8,2026-06-21 23:46
BMW,318D Touring,2013.0,219500.0,9900.0,,,,"Oeiras E São Julião Da Barra, Paço De Arcos E Caxias",Para o topo a 20 de junho de 2026,https://www.olx.pt/d/anuncio/bmw-318d-touring-line-sport-nacional-IDJqzk7.html?search_reason=search%7Corganic,BMW 318D Touring Line Sport NACIONAL,,8,2026-06-21 23:46
BMW,220 Coupe,2016.0,228000.0,14500.0,,,,Matosinhos E Leça Da Palmeira,Para o topo a 19 de junho de 2026,https://www.olx.pt/d/anuncio/bmw-220-coupe-como-novo-2016-IDJgCnS.html?search_reason=search%7Corganic,Bmw 220 Coupe Como Novo 2016,,8,2026-06-21 23:46
BMW,530 e,2021.0,50000.0,34999.0,,,,Cidade Da Maia,Para o topo a 20 de junho de 2026,https://www.standvirtual.com/carros/anuncio/bmw-530-e-pack-desportivo-m-ID8Q0xOV.html,BMW 530 e Pack Desportivo M,,8,2026-06-21 23:46
BMW,730 i,2006.0,205000.0,10900.0,,,,São Torcato,Para o topo a 19 de junho de 2026,https://www.standvirtual.com/carros/anuncio/bmw-730-i-ID8Q0zaR.html,BMW 730 i,https://ireland.apollo.olxcdn.com:443/v1/files/3zjef5ks1vrc1-PT/image;s=150x113;q=50,9,2026-06-21 23:46
BMW,X2 20,2018.0,225000.0,17990.0,,,,Vila Nova de Gaia,Para o topo a 20 de junho de 2026,https://www.standvirtual.com/carros/anuncio/bmw-x2-20-d-xdrive-auto-ID8PW0cG.html,BMW X2 20 d xDrive Auto,https://ireland.apollo.olxcdn.com:443/v1/files/3glhtltm6fcd1-PT/image;s=150x113;q=50,9,2026-06-21 23:46
BMW,X4 xDrive20d,2022.0,134000.0,39000.0,,,,"Santo Tirso, Couto (Santa Cristina E São Miguel) E Burgães",Para o topo hoje às 14:41,https://www.olx.pt/d/anuncio/bmw-x4-xdrive20d-pack-m-2022-negocivel-IDJqWVp.html?search_reason=search%7Cpromoted,BMW X4 xDrive20d — Pack M — 2022- NEGOCIÁVEL,https://ireland.apollo.olxcdn.com:443/v1/files/28stclfo5o3m2-PT/image;s=150x113;q=50,9,2026-06-21 23:46
BMW,230 M,2018.0,100038.0,29950.0,,,,"Nossa Senhora Da Vila, Nossa Senhora Do Bispo E Silveiras",Para o topo a 19 de junho de 2026,https://www.olx.pt/d/anuncio/bmw-230-m-c-extras-IDJqIWR.html?search_reason=search%7Corganic,BMW 230 M C/ EXTRAS,https://ireland.apollo.olxcdn.com:443/v1/files/y3g701614fhd-PT/image;s=150x168;q=50,9,2026-06-21 23:46
Carro,de garagem,2011.0,205000.0,12200.0,,,,Cabração E Moreira Do Lima,Hoje às 21:42,https://www.olx.pt/d/anuncio/carro-de-garagem-IDJt5lN.html?search_reason=search%7Corganic,Carro de garagem,https://ireland.apollo.olxcdn.com:443/v1/files/yxsqahfhr7143-PT/image;s=150x267;q=50,9,2026-06-21 23:46
BMW,320 d,2008.0,280000.0,9000.0,,,,Madalena,Hoje às 11:06,https://www.standvirtual.com/carros/anuncio/bmw-320-d-navigation-ID8Q0BbM.html,BMW 320 d Navigation,,9,2026-06-21 23:46
BMW,420 Gran,2022.0,152620.0,38000.0,,,,"Aver-O-Mar, Amorim E Terroso",Para o topo a 20 de junho de 2026,https://www.standvirtual.com/carros/anuncio/bmw-420-gran-coup-d-pack-m-auto-ID8PZMRR.html,BMW 420 Gran Coupé d Pack M Auto,,9,2026-06-21 23:46
BMW,116 d,2015.0,229000.0,9750.0,,,,Alverca Do Ribatejo E Sobralinho,Para o topo a 20 de junho de 2026,https://www.olx.pt/d/anuncio/bmw-116-d-line-sport-IDJsudc.html?search_reason=search%7Corganic,BMW 116 d Line Sport,,9,2026-06-21 23:46
BMW,316 d,2013.0,160000.0,11900.0,,,,Bucelas,Para o topo a 18 de junho de 2026,https://www.standvirtual.com/carros/anuncio/bmw-316-d-line-sport-ID8Q0fwY.html,BMW 316 d Line Sport,,9,2026-06-21 23:46
BMW,X1,,213145.0,9750.0,,,,Massamá E Monte Abraão,19 de junho de 2026,https://www.olx.pt/d/anuncio/automvel-bmw-x1-IDJsKsr.html?search_reason=search%7Corganic,Automóvel BMW X1,,9,2026-06-21 23:46
BMW,225xe Active,2020.0,31457.0,20990.0,,,,Rio Tinto,Hoje às 21:50,https://www.standvirtual.com/carros/anuncio/bmw-225xe-active-tourer-advantage-ID8PZPVf.html,BMW 225xe Active Tourer Advantage,,9,2026-06-21 23:46
BMW,318 d,2013.0,178238.0,17980.0,,,,Guia,Para o topo hoje às 20:30,https://www.standvirtual.com/carros/anuncio/bmw-318-d-auto-pack-m-ID8Q0wes.html,BMW 318 d Auto Pack M,,9,2026-06-21 23:46
BMW,E39 528i,,206000.0,4500.0,,,,Quarteira,Hoje às 12:22,https://www.olx.pt/d/anuncio/bmw-e39-528i-em-perfeito-estado-IDJt1jV.html?search_reason=search%7Corganic,BMW E39 528i em perfeito estado,,9,2026-06-21 23:46
BMW,420 Gran,2016.0,247488.0,23990.0,,,,Guia,Para o topo hoje às 17:50,https://www.standvirtual.com/carros/anuncio/bmw-420-gran-coup-d-pack-m-auto-ID8PZX1b.html,BMW 420 Gran Coupé d Pack M Auto,,9,2026-06-21 23:46
BMW,E92 Pack,2010.0,226000.0,17990.0,,,,Ribeira,16 de junho de 2026,https://www.olx.pt/d/anuncio/bmw-e92-pack-m-lci-IDJlu74.html?search_reason=search%7Cpromoted,BMW E92 Pack M LCI,,9,2026-06-21 23:46
BMW,X6 M,2009.0,88900.0,39500.0,,,,Sacavém E Prior Velho,Para o topo hoje às 16:03,https://www.standvirtual.com/carros/anuncio/bmw-x6-m-standard-ID8PLwHp.html,BMW X6 M Standard,,9,2026-06-21 23:46
BMW,520 d,2012.0,259000.0,13990.0,,,,São João Das Lampas E Terrugem,Para o topo hoje às 20:42,https://www.standvirtual.com/carros/anuncio/bmw-520-d-sport-aut-ID8PYfDj.html,BMW 520 d Sport-Aut.,,9,2026-06-21 23:46
BMW,118 d,2009.0,303000.0,6990.0,,,,Valongo,Hoje às 16:57,https://www.standvirtual.com/carros/anuncio/bmw-118-d-dpf-edition-sport-ID8Q0Bft.html,BMW 118 d DPF Edition Sport,,9,2026-06-21 23:46
BMW,520i E60,2004.0,286000.0,5600.0,,,,Anais,Para o topo a 20 de junho de 2026,https://www.olx.pt/d/anuncio/bmw-520i-e60-gpl-IDJbLVE.html?search_reason=search%7Corganic,BMW 520i E60 GPL,,9,2026-06-21 23:46
BMW,X2 20,2018.0,112031.0,29750.0,,,,Abraveses,Hoje às 19:37,https://www.standvirtual.com/carros/anuncio/bmw-x2-20-d-xdrive-auto-pack-m-ID8Q0enF.html,BMW X2 20 d xDrive Auto Pack M,,9,2026-06-21 23:46
BMW,420 Gran,2019.0,151000.0,25999.0,,,,Gafanha Da Encarnação,18 de junho de 2026,https://www.standvirtual.com/carros/anuncio/bmw-420-gran-coup-d-pack-m-auto-ID8Q0Aq4.html,BMW 420 Gran Coupé d Pack M Auto,,9,2026-06-21 23:46
BMW,F22 220d,2015.0,183000.0,21900.0,,,,Grijó E Sermonde,19 de junho de 2026,https://www.olx.pt/d/anuncio/bmw-f22-220d-look-m2-competition-IDJpmWh.html?search_reason=search%7Corganic,Bmw F22 220d look M2 Competition,,9,2026-06-21 23:46
BMW,520D,2011.0,273000.0,10950.0,,,,"Torres Novas (São Pedro), Lapas E Ribeira Branca",Hoje às 22:55,https://www.olx.pt/d/anuncio/carrinha-bmw-520d-IDJt6yy.html?search_reason=search%7Corganic,Carrinha Bmw 520D,,9,2026-06-21 23:46
BMW,E92 320D,2010.0,165000.0,14500.0,,,,São Domingos de Rana,20 de junho de 2026,https://www.olx.pt/d/anuncio/bmw-e92-320d-184cv-IDJsTSP.html?search_reason=search%7Corganic,BMW E92 320D 184cv,,9,2026-06-21 23:46
BMW,118i -,2009.0,137000.0,9000.0,,,,Arganil,19 de junho de 2026,https://www.olx.pt/d/anuncio/bmw-118i-cabrio-IDJsJBg.html?search_reason=search%7Corganic,BMW 118i - Cabrio,,9,2026-06-21 23:46
BMW,116 i,2021.0,82000.0,17500.0,,,,Parque das Nações,Hoje às 23:00,https://www.standvirtual.com/carros/anuncio/bmw-116-i-advantage-ID8Q0Bji.html,BMW 116 i Advantage,,9,2026-06-21 23:46
BMW,X5 4.4i,2000.0,207000.0,8000.0,,,,"Gondomar (São Cosme), Valbom E Jovim",Para o topo a 01 de junho de 2026,https://www.olx.pt/d/anuncio/bmw-x5-4-4i-motor-v8-IDJpSTB.html?search_reason=search%7Cpromoted,Bmw X5 4.4i motor V8,,9,2026-06-21 23:46
BMW,X2 16,2021.0,84100.0,25950.0,,,,Algueirão-Mem Martins,Para o topo hoje às 09:51,https://www.standvirtual.com/carros/anuncio/bmw-x2-16-d-sdrive-auto-ID8PV5yD.html,BMW X2 16 d sDrive Auto,,9,2026-06-21 23:46
BMW,120 d,2012.0,240000.0,9990.0,,,,Charneca De Caparica E Sobreda,Para o topo a 19 de junho de 2026,https://www.standvirtual.com/carros/anuncio/bmw-120-d-xdrive-line-sport-ID8PTVue.html,BMW 120 d xDrive Line Sport,,9,2026-06-21 23:46
BMW,318D Luxury,2015.0,184000.0,14950.0,,,,Matosinhos,Para o topo a 19 de junho de 2026,https://www.olx.pt/d/anuncio/carrinha-bmw-318d-luxury-nacional-IDJqqKi.html?search_reason=search%7Corganic,Carrinha BMW 318D Luxury Nacional,,9,2026-06-21 23:46
BMW,116 d,2022.0,181000.0,15750.0,,,,Algueirão-Mem Martins,19 de junho de 2026,https://www.olx.pt/d/anuncio/bmw-116-d-line-sport-auto-IDJpD1w.html?search_reason=search%7Corganic,BMW 116 d Line Sport Auto,,9,2026-06-21 23:46
BMW,116 d,2013.0,297000.0,7950.0,,,,Vila Nova de Famalicão,Para o topo a 20 de junho de 2026,https://www.standvirtual.com/carros/anuncio/bmw-116-d-edynamics-line-sport-ID8Q0yvI.html,BMW 116 d EDynamics Line Sport,,9,2026-06-21 23:46
BMW,120 d,2011.0,236000.0,11750.0,,,,Benfica,Para o topo a 20 de junho de 2026,https://www.standvirtual.com/carros/anuncio/bmw-120-d-ID8Q0xQ0.html,BMW 120 d,,9,2026-06-21 23:46
BMW,X4 M,2024.0,25500.0,130000.0,,,,Lisboa,Para o topo a 20 de junho de 2026,https://www.standvirtual.com/carros/anuncio/bmw-x4-m-competition-ID8Q0xlm.html,BMW X4 M Competition,,9,2026-06-21 23:46
BMW,520d Pack,2007.0,460000.0,5900.0,,,,Ílhavo (São Salvador),Para o topo a 19 de junho de 2026,https://www.olx.pt/d/anuncio/bmw-520d-pack-m-nacional-IDJqIGm.html?search_reason=search%7Corganic,Bmw 520d Pack M Nacional,,9,2026-06-21 23:46
BMW,X3 xDrive20d,2013.0,214700.0,13900.0,,,,Rio de Mouro,Hoje às 20:15,https://www.olx.pt/d/anuncio/bmw-x3-xdrive20d-automtica-ano-2013-com-214-700-km-em-bom-estado-geral-IDJt5sJ.html?search_reason=search%7Corganic,"BMW X3 xDrive20d automática, ano 2013, com 214.700 km, em bom estado geral.",,9,2026-06-21 23:46
BMW,740 d,2020.0,190000.0,47950.0,,,,Valongo,20 de junho de 2026,https://www.standvirtual.com/carros/anuncio/bmw-740-d-xdrive-pack-m-auto-ID8Q0B4U.html,BMW 740 d xDrive Pack M Auto,,9,2026-06-21 23:46
BMW,420 d,2014.0,182000.0,22990.0,,,,Esgueira,Para o topo a 20 de junho de 2026,https://www.standvirtual.com/carros/anuncio/bmw-420-d-pack-m-auto-ID8Q0xsU.html,BMW 420 d Pack M Auto,,9,2026-06-21 23:46
BMW,M5 Standard,2019.0,85500.0,80500.0,,,,Nelas,Para o topo hoje às 12:06,https://www.standvirtual.com/carros/anuncio/bmw-m5-standard-ID8Q0zR5.html,BMW M5 Standard,,9,2026-06-21 23:46
BMW,SUV X1,2020.0,,19000.0,,,,Matosinhos E Leça Da Palmeira,28 de maio de 2026,https://www.olx.pt/d/anuncio/bmw-suv-x1-xdrive-caixa-automatica-hibrid-plug-in-220cv-trao-4-x-4-IDJ0vX0.html?search_reason=search%7Cpromoted,BMW SUV X1 xDrive caixa automatica hibrid plug-in 220cv tração 4 x 4,,9,2026-06-21 23:46
BMW,320 d,2022.0,93310.0,34500.0,,,,Rio Maior,Para o topo hoje às 15:49,https://www.standvirtual.com/carros/anuncio/bmw-320-d-pack-m-auto-ID8Q0mn8.html,BMW 320 d Pack M Auto,,9,2026-06-21 23:46
BMW,X5 30,2009.0,342500.0,15000.0,,,,"Sintra (Santa Maria E São Miguel, São Martinho E São Pedro De Penaferrim)",Hoje às 17:50,https://www.standvirtual.com/carros/anuncio/bmw-x5-30-d-xdrive-ID8PV6KE.html,BMW X5 30 d xDrive,,9,2026-06-21 23:46
BMW,320 d,2012.0,230500.0,16500.0,,,,Rio Tinto,Para o topo a 20 de junho de 2026,https://www.standvirtual.com/carros/anuncio/bmw-320-d-cabrio-ID8PZTFW.html,BMW 320 d Cabrio,,9,2026-06-21 23:46
BMW,320d GT,2014.0,270000.0,14980.0,,,,Alfragide,Para o topo a 20 de junho de 2026,https://www.olx.pt/d/anuncio/bmw-320d-gt-line-sport-auto-desde-199-ms-IDJnZzc.html?search_reason=search%7Corganic,BMW 320d GT Line Sport Auto **Desde 199€ Mês**,,9,2026-06-21 23:46
BMW,114,2013.0,202000.0,8500.0,,,,São João de Ver,Para o topo a 20 de junho de 2026,https://www.standvirtual.com/carros/anuncio/bmw-114-ID8Q0nLq.html,BMW 114,,9,2026-06-21 23:46
BMW,730 d,2011.0,250000.0,15000.0,,,,"Gondomar (São Cosme), Valbom E Jovim",18 de junho de 2026,https://www.olx.pt/d/anuncio/bmw-730-d-nacional-excelente-estado-IDJsGzT.html?search_reason=search%7Corganic,BMW 730 d nacional (excelente estado),,9,2026-06-21 23:46
BMW,318d carplay,2014.0,304000.0,8500.0,,,,"Braga (Maximinos, Sé E Cividade)",Para o topo a 19 de junho de 2026,https://www.olx.pt/d/anuncio/bmw-318d-carplay-bom-estado-IDJqmzq.html?search_reason=search%7Corganic,Bmw 318d carplay bom estado,,9,2026-06-21 23:46
BMW,118 d,2012.0,248000.0,13750.0,,,,Sacavém E Prior Velho,19 de junho de 2026,https://www.standvirtual.com/carros/anuncio/bmw-118-d-ID8Q0wfU.html,BMW 118 d,,9,2026-06-21 23:46
BMW,430i FULL,2017.0,138000.0,33500.0,,,,Santa Marinha E São Pedro Da Afurada,Para o topo a 18 de junho de 2026,https://www.olx.pt/d/anuncio/bmw-430i-full-m4-IDJqoEg.html?search_reason=search%7Corganic,BMW 430i FULL M4,,9,2026-06-21 23:46
BMW,X5 45,2020.0,230000.0,33750.0,,,,Ermesinde,Hoje às 19:55,https://www.standvirtual.com/carros/anuncio/bmw-x5-45-e-xdrive-pack-m-ID8Q0rJ2.html,BMW X5 45 e xDrive Pack M,,9,2026-06-21 23:46
BMW,320 d,2024.0,60000.0,39750.0,,,,Santa Joana,Para o topo hoje às 19:00,https://www.standvirtual.com/carros/anuncio/bmw-320-d-pack-desportivo-m-auto-ID8PZUnv.html,BMW 320 d Pack Desportivo M Auto,,9,2026-06-21 23:46
BMW,116 d,2016.0,178589.0,12900.0,,,,Mira de Aire,Para o topo a 20 de junho de 2026,https://www.standvirtual.com/carros/anuncio/bmw-116-d-efficientdynamics-edition-sport-line-ID8Q0uX5.html,BMW 116 d EfficientDynamics Edition Sport Line,https://ireland.apollo.olxcdn.com:443/v1/files/deisyz23bmph1-PT/image;s=150x113;q=50,10,2026-06-21 23:46
BMW,116 d,2017.0,129739.0,17790.0,,,,Eiras E São Paulo De Frades,Para o topo a 20 de junho de 2026,https://www.standvirtual.com/carros/anuncio/bmw-116-d-m-sport-ID8Q0kj8.html,BMW 116 d M Sport,https://ireland.apollo.olxcdn.com:443/v1/files/zyr5whro10vq-PT/image;s=188x106;q=50,10,2026-06-21 23:46
BMW,330 e,2023.0,89010.0,39990.0,,,,Silvares,Para o topo hoje às 10:01,https://www.standvirtual.com/carros/anuncio/bmw-330-e-pack-50-anos-m-auto-ID8PYzKu.html,BMW 330 e Pack 50 anos M Auto,https://ireland.apollo.olxcdn.com:443/v1/files/r6tpzrw9x72d2-PT/image;s=150x112;q=50,10,2026-06-21 23:46
BMW,520 d,2017.0,110911.0,23490.0,,,,Setúbal,19 de junho de 2026,https://www.standvirtual.com/carros/anuncio/bmw-520-d-pack-m-auto-ID8Q0v1c.html,BMW 520 d Pack M Auto,https://ireland.apollo.olxcdn.com:443/v1/files/fjyddkp0lrsu3-PT/image;s=159x106;q=50,10,2026-06-21 23:46
BMW,118 d,2018.0,210608.0,16450.0,,,,Parque das Nações,Hoje às 18:09,https://www.standvirtual.com/carros/anuncio/bmw-118-d-aut-luxury-line-ID8Q0mOK.html,BMW 118 d Aut. Luxury Line,,10,2026-06-21 23:46
BMW,X5 25,2015.0,170106.0,27900.0,,,,Parque das Nações,Para o topo a 19 de junho de 2026,https://www.standvirtual.com/carros/anuncio/bmw-x5-25-d-sdrive-comfort-7l-ID8Q0etO.html,BMW X5 25 d sDrive Comfort 7L,,10,2026-06-21 23:46
BMW,535d F10,2011.0,215000.0,18500.0,,,,Alverca Do Ribatejo E Sobralinho,Para o topo a 19 de junho de 2026,https://www.olx.pt/d/anuncio/bmw-535d-f10-nacional-IDJmLq0.html?search_reason=search%7Corganic,BMW 535d F10 Nacional,,10,2026-06-21 23:46
BMW,320 Ci,2000.0,193909.0,9500.0,,,,Valpaços,Para o topo a 20 de junho de 2026,https://www.standvirtual.com/carros/anuncio/bmw-320-ci-ID8Q0zzB.html,BMW 320 Ci,,10,2026-06-21 23:46
BMW,e36 coupé,,,4700.0,,,,Gulpilhares E Valadares,20 de junho de 2026,https://www.olx.pt/d/anuncio/bmw-e36-coup-muito-bem-estimado-IDJsSKs.html?search_reason=search%7Corganic,Bmw e36 coupé muito bem estimado,,10,2026-06-21 23:46
BMW,118 d,2008.0,300000.0,7500.0,,,,Barcelos,20 de junho de 2026,https://www.standvirtual.com/carros/anuncio/bmw-118-d-dpf-edition-sport-ID8PZPpa.html,BMW 118 d DPF Edition Sport,,10,2026-06-21 23:46
BMW,525d bi-turbo,2014.0,314000.0,14000.0,,,,"Camarate, Unhos E Apelação",19 de junho de 2026,https://www.olx.pt/d/anuncio/bmw-525d-bi-turbo-IDJsPtL.html?search_reason=search%7Corganic,Bmw 525d bi-turbo,,10,2026-06-21 23:46
BMW,520 d,2017.0,139921.0,22950.0,,,,São Domingos de Rana,Para o topo a 19 de junho de 2026,https://www.standvirtual.com/carros/anuncio/bmw-520-d-xdrive-aut-luxury-line-ID8Q0yi5.html,BMW 520 d xDrive Aut. Luxury Line,,10,2026-06-21 23:46
BMW,X2 16,2022.0,72000.0,27500.0,,,,"Almada, Cova Da Piedade, Pragal E Cacilhas",Para o topo a 19 de junho de 2026,https://www.standvirtual.com/carros/anuncio/bmw-x2-16-d-sdrive-auto-advantage-ID8PZTzd.html,BMW X2 16 d sDrive Auto Advantage,,10,2026-06-21 23:46
BMW,430 i,2021.0,89000.0,44970.0,,,,Tábua,Para o topo hoje às 16:42,https://www.standvirtual.com/carros/anuncio/bmw-430-i-ID8Q0q6r.html,BMW 430 i,,10,2026-06-21 23:46
BMW,Z4 sDrive20i,2019.0,70000.0,38500.0,,,,Carnaxide E Queijas,Para o topo hoje às 12:24,https://www.standvirtual.com/carros/anuncio/bmw-z4-sdrive20i-aut-m-sport-ID8PZ2nQ.html,BMW Z4 sDrive20i Aut. M Sport,,10,2026-06-21 23:46
BMW,216 Gran,2022.0,62210.0,28980.0,,,,Lourosa,Para o topo hoje às 21:30,https://www.standvirtual.com/carros/anuncio/bmw-216-gran-coup-d-pack-desportivo-m-ID8PYXYt.html,BMW 216 Gran Coupé d Pack Desportivo M,,10,2026-06-21 23:46
BMW,116 d,2019.0,130198.0,16990.0,,,,Casal de Cambra,Para o topo a 20 de junho de 2026,https://www.standvirtual.com/carros/anuncio/bmw-116-d-line-sport-auto-ID8Q0utn.html,BMW 116 d Line Sport Auto,,10,2026-06-21 23:46
BMW,520 d,2015.0,56196.0,21900.0,,,,Oeiras,Para o topo a 18 de junho de 2026,https://www.standvirtual.com/carros/anuncio/bmw-520-d-auto-ID8Q0tWH.html,BMW 520 d Auto,,10,2026-06-21 23:46
BMW,318d ED,2016.0,140000.0,16900.0,,,,Montijo E Afonsoeiro,Hoje às 16:27,https://www.olx.pt/d/anuncio/bmw-318d-ed-sport-line-IDJt3MY.html?search_reason=search%7Corganic,BMW 318d ED Sport Line,,10,2026-06-21 23:46
BMW,420 Gran,2015.0,116000.0,22990.0,,,,Fonte Arcada E Oliveira,Para o topo a 20 de junho de 2026,https://www.standvirtual.com/carros/anuncio/bmw-420-gran-coup-i-xdrive-pack-m-auto-ID8PZgVe.html,BMW 420 Gran Coupé i xDrive Pack M Auto,,10,2026-06-21 23:46
BMW,i3 +Comfort,2014.0,60795.0,11980.0,,,,Pontinha E Famões,Para o topo a 20 de junho de 2026,https://www.standvirtual.com/carros/anuncio/bmw-i3-comfort-package-advance-ID8Q0jih.html,BMW i3 +Comfort Package Advance,,10,2026-06-21 23:46
BMW,M3 Auto,2016.0,46800.0,66500.0,,,,Castro Daire,Para o topo a 19 de junho de 2026,https://www.standvirtual.com/carros/anuncio/bmw-m3-auto-ID8PYoud.html,BMW M3 Auto,,10,2026-06-21 23:46
BMW,320 e,2023.0,81700.0,34900.0,,,,Algueirão-Mem Martins,Hoje às 20:40,https://www.standvirtual.com/carros/anuncio/bmw-320-e-pack-m-auto-ID8Q0AIf.html,BMW 320 e Pack M Auto,,10,2026-06-21 23:46
BMW,840 d,2019.0,130000.0,79900.0,,,,Oliveira do Douro,Hoje às 22:05,https://www.standvirtual.com/carros/anuncio/bmw-840-d-xdrive-pack-m-pro-ID8PVBmF.html,BMW 840 d xDrive Pack M Pro,,10,2026-06-21 23:46
BMW,X1 20,2017.0,200000.0,16999.0,,,,Viseu,Hoje às 18:21,https://www.standvirtual.com/carros/anuncio/bmw-x1-20-d-xdrive-line-sport-ID8PZTmI.html,BMW X1 20 d xDrive Line Sport,,10,2026-06-21 23:46
BMW,320d coupé,2009.0,280000.0,10500.0,,,,Quinta do Conde,Para o topo hoje às 15:05,https://www.olx.pt/d/anuncio/bmw-320d-coup-IDJspYX.html?search_reason=search%7Cpromoted,Bmw 320d coupé,,10,2026-06-21 23:46
BMW,123D Pack,2008.0,246000.0,12500.0,,,,Alhos Vedros,Para o topo hoje às 18:57,https://www.olx.pt/d/anuncio/bmw-123d-pack-m-2-0-biturbo-possibilidade-de-financiamento-IDJrZTH.html?search_reason=search%7Cpromoted,BMW 123D Pack M 2.0 Biturbo (possibilidade de financiamento),,10,2026-06-21 23:46
BMW,420d Coupe,2015.0,225000.0,23490.0,,,,"Aver-O-Mar, Amorim E Terroso",Para o topo a 19 de junho de 2026,https://www.olx.pt/d/anuncio/bmw-420d-coupe-auto-look-m4-desde-325-ms-IDJrnKs.html?search_reason=search%7Cpromoted,BMW 420d Coupe Auto Look M4 - Desde 325€ Mês,,10,2026-06-21 23:46
BMW,335 d,2008.0,155000.0,20900.0,,,,Matosinhos E Leça Da Palmeira,Para o topo a 19 de junho de 2026,https://www.standvirtual.com/carros/anuncio/bmw-335-d-dpf-aut-edition-sport-ID8Q0mz9.html,BMW 335 d DPF Aut. Edition Sport,,10,2026-06-21 23:46
BMW,520D pack,2011.0,230000.0,11000.0,,,,Corroios,20 de junho de 2026,https://www.olx.pt/d/anuncio/bmw-520d-pack-m-nacional-IDJbH9d.html?search_reason=search%7Corganic,BMW  520D pack M nacional,,10,2026-06-21 23:46
BMW,320 d,2013.0,178276.0,13990.0,,,,Braga,19 de junho de 2026,https://www.standvirtual.com/carros/anuncio/bmw-320-d-auto-pack-m-ID8Q0ANR.html,BMW 320 d Auto Pack M,,10,2026-06-21 23:46
BMW,X1 25,2021.0,76000.0,23990.0,,,,Maia,Para o topo hoje às 20:00,https://www.standvirtual.com/carros/anuncio/bmw-x1-25-e-xdrive-line-sport-ID8Q0qER.html,BMW X1 25 e xDrive Line Sport,,10,2026-06-21 23:46
BMW,418 Gran,2016.0,232439.0,16900.0,,,,Avenidas Novas,Para o topo a 20 de junho de 2026,https://www.standvirtual.com/carros/anuncio/bmw-418-gran-coup-d-line-luxury-ID8Q0u86.html,BMW 418 Gran Coupé d Line Luxury,,10,2026-06-21 23:46
BMW,X3 20,2012.0,145298.0,23990.0,,,,Trofa,Hoje às 16:57,https://www.standvirtual.com/carros/anuncio/bmw-x3-20-d-xdrive-pack-m-auto-ID8PZPkG.html,BMW X3 20 d xDrive Pack M Auto,,10,2026-06-21 23:46
Mbw,grand Tourer,2021.0,98000.0,16000.0,,,,"Algés, Linda-A-Velha E Cruz Quebrada-Dafundo",18 de junho de 2026,https://www.olx.pt/d/anuncio/mbw-grand-tourer-lci-serie-2-line-sport-auto-IDJsCIn.html?search_reason=search%7Corganic,MBW grand Tourer LCI SERIE 2 line sport auto,,10,2026-06-21 23:46
BMW,cabrio série,2007.0,281167.0,12800.0,,,,Vila Nova De Famalicão E Calendário,Para o topo a 20 de junho de 2026,https://www.olx.pt/d/anuncio/bmw-cabrio-srie-3-IDJr4aK.html?search_reason=search%7Corganic,BMW cabrio série 3,,10,2026-06-21 23:46
BMW,x1 -S-Drive,2010.0,220000.0,10900.0,,,,Figueiredo,20 de junho de 2026,https://www.olx.pt/d/anuncio/bmw-x1-s-drive-18d-sportline-nacional-IDJl81K.html?search_reason=search%7Corganic,BMW x1 -S-Drive 18d SportLine Nacional,,10,2026-06-21 23:46
BMW,iX xDrive40,2023.0,44000.0,52500.0,,,,Carnaxide E Queijas,Para o topo a 19 de junho de 2026,https://www.olx.pt/d/anuncio/bmw-ix-xdrive40-pack-m-2023-45-000-km-nacional-particular-IDJqaIu.html?search_reason=search%7Cpromoted,BMW iX xDrive40 Pack M | 2023 | 45.000 km | Nacional | Particular,,10,2026-06-21 23:46
BMW,e46 320i,,236.0,5500.0,,,,"Gondomar (São Cosme), Valbom E Jovim",Para o topo a 18 de junho de 2026,https://www.olx.pt/d/anuncio/bmw-e46-320i-nacional-IDJnPqn.html?search_reason=search%7Cpromoted,BMW e46 320i Nacional,,10,2026-06-21 23:46
BMW,116 d,2023.0,39500.0,25500.0,,,,Algueirão-Mem Martins,Para o topo hoje às 09:52,https://www.standvirtual.com/carros/anuncio/bmw-116-d-pack-essence-ID8Q0eUI.html,BMW 116 d Pack Essence,,10,2026-06-21 23:46
BMW,750 750e,2026.0,1.0,132293.0,,,,Porto Salvo,Para o topo hoje às 22:08,https://www.standvirtual.com/carros/anuncio/bmw-750-750e-xdrive-ID8PYGGe.html,BMW 750 750e xDrive,,10,2026-06-21 23:46
BMW,120,2012.0,195369.0,16990.0,,,,Fânzeres E São Pedro Da Cova,Para o topo a 20 de junho de 2026,https://www.standvirtual.com/carros/anuncio/bmw-120-ID8Q0yIb.html,BMW 120,,10,2026-06-21 23:46
BMW,116 d,2017.0,153086.0,16990.0,,,,Vila Boa do Bispo,Para o topo hoje às 22:55,https://www.standvirtual.com/carros/anuncio/bmw-116-d-sport-line-ID8PYYxm.html,BMW 116 d Sport Line,,10,2026-06-21 23:46
BMW,630 -,2006.0,169234.0,17990.0,,,,Arões (Santa Cristina),Hoje às 19:25,https://www.olx.pt/d/anuncio/bmw-630-jll-ac-schnitzer-IDJaGM3.html?search_reason=search%7Corganic,Bmw 630 - JLL AC SCHNITZER,,10,2026-06-21 23:46
BMW,E39 535i,,,10500.0,,,,Santa Catarina Fonte Bispo,19 de junho de 2026,https://www.olx.pt/d/anuncio/bmw-e39-535i-v8-IDJsLfu.html?search_reason=search%7Corganic,Bmw E39 535i V8,,10,2026-06-21 23:46
BMW,330 e,2019.0,81373.0,26000.0,,,,Parque das Nações,Para o topo a 19 de junho de 2026,https://www.olx.pt/d/anuncio/bmw-330-e-corporate-edition-auto-IDJswGi.html?search_reason=search%7Corganic,BMW 330 e Corporate Edition Auto,,10,2026-06-21 23:46
BMW,X4 xDrive20d,2017.0,225000.0,24990.0,,,,Santa Eufémia E Boa Vista,Hoje às 01:10,https://www.olx.pt/d/anuncio/bmw-x4-xdrive20d-190cv-pack-m-nacional-IDJmhp5.html?search_reason=search%7Corganic,BMW X4 xDrive20d 190cv - Pack M - Nacional,,10,2026-06-21 23:46
BMW,i4 M50,2023.0,10992.0,55950.0,,,,"Gondomar (São Cosme), Valbom E Jovim",19 de junho de 2026,https://www.standvirtual.com/carros/anuncio/bmw-i4-m50-gran-coupe-ID8Q0v3k.html,BMW i4 M50 Gran Coupe,,10,2026-06-21 23:46
BMW,218 Active,2014.0,149950.0,15900.0,,,,Coimbra,Hoje às 20:39,https://www.standvirtual.com/carros/anuncio/bmw-218-active-tourer-d-line-luxury-auto-ID8PZg7u.html,BMW 218 Active Tourer d Line Luxury Auto,,10,2026-06-21 23:46
BMW,420 Gran,2018.0,223000.0,22900.0,,,,Taíde,Para o topo a 20 de junho de 2026,https://www.standvirtual.com/carros/anuncio/bmw-420-gran-coup-d-pack-m-auto-ID8Q0xoD.html,BMW 420 Gran Coupé d Pack M Auto,,10,2026-06-21 23:46
